code,place,place_en,,,,,,,,,,,,,
AIC001,”φΌ,BISAI,,,,,,,,,,,,,
AIC002,¬–q,KOMAKI,,,,,,,,,,,,,
AIC003,’Γ“‡,TSUSHIMA,,,,,,,,,,,,,
AIC004,–ΌΓ‰®,NAGOYA,,,,,,,,,,,,,
AIC005,“΅‰,FUJIOKA,,,,,,,,,,,,,
AIC006,ξ•,INABU,,,,,,,,,,,,,
AIC007,‘«•,ASUKE,,,,,,,,,,,,,
AIC008,έy,SHITARA,,,,,,,,,,,,,
AIC009,–L“c,TOYOTA,,,,,,,,,,,,,
AIC010,μθ,TSUKUDE,,,,,,,,,,,,,
AIC011,’m‘½,CHITA,,,,,,,,,,,,,
AIC012,ΐι,ANJO,,,,,,,,,,,,,
AIC013,’·Β,NAGASHINO,,,,,,,,,,,,,
AIC014,—S,GAMAGORI,,,,,,,,,,,,,
AIC015,–L‹΄,TOYOHASHI,,,,,,,,,,,,,
AIC016,”ό•l,MIHAMA,,,,,,,,,,,,,
AIC017,“c΄,TAHARA,,,,,,,,,,,,,
AIC018,­”ό,ATSUMI,,,,,,,,,,,,,
AKT001,¬β,KOSAKA,,,,,,,,,,,,,
AKT002,‘εΩ,OHDATE,,,,,,,,,,,,,
AKT003,“΅—Ά,FUJISATO,,,,,,,,,,,,,
AKT004,”X,HACHIMORI,,,,,,,,,,,,,
AKT005,”\‘γ,NOSHIRO,,,,,,,,,,,,,
AKT006,­p,KAZUNO,,,,,,,,,,,,,
AKT007,‹Υ‹u,KOTOOKA,,,,,,,,,,,,,
AKT008,”Ρ“cμ,IITAGAWA,,,,,,,,,,,,,
AKT009,’j­,OGA,,,,,,,,,,,,,
AKT010,H“c,AKITA,,,,,,,,,,,,,
AKT011,‹{“c,MIYATA,,,,,,,,,,,,,
AKT012,“c‘ςΞ,TAZAWAKO,,,,,,,,,,,,,
AKT013,‹¦a,KYOWA,,,,,,,,,,,,,
AKT014,pΩ,KAKUNODATE,,,,,,,,,,,,,
AKT015,–{‘‘,HONJO,,,,,,,,,,,,,
AKT016,‘ε‹Θ,OHMAGARI,,,,,,,,,,,,,
AKT017,‰΅θ,YOKOTE,,,,,,,,,,,,,
AKT018,’ΉC,CHOKAI,,,,,,,,,,,,,
AKT019,—Y,OGACHI,,,,,,,,,,,,,
AKT020,Ϋƒ,KISAKATA,,,,,,,,,,,,,
AKT021,Άm,ANI,,,,,,,,,,,,,
AKT022,‹Κμ,TAMAGAWA,,,,,,,,,,,,,
AKT023,’Φ‘δ,TSUBAKIDAI,,,,,,,,,,,,,
AOM001,‘εΤ,OHMA,,,,,,,,,,,,,
AOM002,•‰Y,FUKUURA,,,,,,,,,,,,,
AOM003,‘ε”¨,OHHATA,,,,,,,,,,,,,
AOM004,K‰®,SHIRIYA,,,,,,,,,,,,,
AOM005,‚ή‚Β,MUTSU,,,,,,,,,,,,,
AOM006,μ“ΰ,KAWAUCHI,,,,,,,,,,,,,
AOM007,“μ’Κ,MINAMIDORI,,,,,,,,,,,,,
AOM008,‰΅•l,YOKOHAMA,,,,,,,,,,,,,
AOM009,Zƒ–,ROKKASHO,,,,,,,,,,,,,
AOM010,–μ•Σ’n,NOHEJI,,,,,,,,,,,,,
AOM011,O‘ς,MISAWA,,,,,,,,,,,,,
AOM012,”Λ,HACHINOHE,,,,,,,,,,,,,
AOM013,“μ•”,NAMBU,,,,,,,,,,,,,
AOM014,qƒmϋ,NENOKUCHI,,,,,,,,,,,,,
AOM015,’τƒ–Φ,IKARIGASEKI,,,,,,,,,,,,,
AOM016,O‘O,HIROSAKI,,,,,,,,,,,,,
AOM017,[‰Y,FUKAURA,,,,,,,,,,,,,
AOM018,±ƒ–‘ς,AJIGASAWA,,,,,,,,,,,,,
AOM019,άμ΄,GOSHOGAWARA,,,,,,,,,,,,,
AOM020,ΒX,AOMORI,,,,,,,,,,,,,
AOM021,\a“c,TOWADA,,,,,,,,,,,,,
AOM022,““c‘ς,HIGASHITAZAWA,,,,,,,,,,,,,
AOM023,’†—Ά,NAKASATO,,,,,,,,,,,,,
AOM024,I“c,KANITA,,,,,,,,,,,,,
AOM025,΅•Κ,IMABETSU,,,,,,,,,,,,,
AOM026,¬”‘,KODOMARI,,,,,,,,,,,,,
AOM027,e–μ‘ς,WAKINOSAWA,,,,,,,,,,,,,
AOM028,”b“c,HAKKODA,,,,,,,,,,,,,
AOM029,Ό–Ϊ‰®,NISHIMEYA,,,,,,,,,,,,,
CHB001,–μ“c,NODA,,,,,,,,,,,,,
CHB002,ΌΛ,MATSUDO,,,,,,,,,,,,,
CHB003,”’δ,SHIROI,,,,,,,,,,,,,
CHB004,²΄,SAWARA,,,,,,,,,,,,,
CHB005,’¶q,CHOSHI,,,,,,,,,,,,,
CHB006,¬“c,NARITA,,,,,,,,,,,,,
CHB007,²‘q,SAKURA,,,,,,,,,,,,,
CHB008,‰Yΐ,URAYASU,,,,,,,,,,,,,
CHB009,η—t,CHIBA,,,,,,,,,,,,,
CHB010,”“ϊsκ,YOKAICHIBA,,,,,,,,,,,,,
CHB011,@ΐ,HASUNUMA,,,,,,,,,,,,,
CHB012,“‹ΰ,TOGANE,,,,,,,,,,,,,
CHB013,–Ξ΄,MOBARA,,,,,,,,,,,,,
CHB014,oθ,ANEZAKI,,,,,,,,,,,,,
CHB015,–ΨX’Γ,KISARAZU,,,,,,,,,,,,,
CHB016,–¦,MISAKI,,,,,,,,,,,,,
CHB017,sκ,ICHIBA,,,,,,,,,,,,,
CHB018,‰Y,KATSUURA,,,,,,,,,,,,,
CHB019,‹“μ,KYONAN,,,,,,,,,,,,,
CHB020,›μ,KAMOGAWA,,,,,,,,,,,,,
CHB021,”’•l,SHIRAHAMA,,,,,,,,,,,,,
CHB022,•x’Γ,FUTTSU,,,,,,,,,,,,,
CHB023,ΩR,TATEYAMA,,,,,,,,,,,,,
CHB024,ξ–Ρ,INAGE,,,,,,,,,,,,,
CHB025,η‘q,CHIKURA,,,,,,,,,,,,,
CHB026,’·“μ,CHONAN,,,,,,,,,,,,,
CHB027,‰Y–k,KATSUURA-N,,,,,,,,,,,,,
CHB028,sμ–k,ICHIKAWA-N,,,,,,,,,,,,,
CHB029,s“Ώ,GYOTOKU,,,,,,,,,,,,,
CHB030,–ΨX’Γs–π,KISARADU-SHIYAKUSYO,,,,,,,,,,,,,
EHM001,Ι—\O“‡,IYOMISHIMA,,,,,,,,,,,,,
EHM002,V‹•l,NIIHAMA,,,,,,,,,,,,,
EHM003,“—\,TOYO,,,,,,,,,,,,,
EHM004,΅΅,IMABARI,,,,,,,,,,,,,
EHM005,μ“ΰ,KAWAUCHI,,,,,,,,,,,,,
EHM006,”όμ,MIKAWA,,,,,,,,,,,,,
EHM007,–kπ,HOJO,,,,,,,,,,,,,
EHM008,ΌR,MATSUYAMA,,,,,,,,,,,,,
EHM009,L“c,HIROTA,,,,,,,,,,,,,
EHM010,nμ,HIJIKAWA,,,,,,,,,,,,,
EHM011,””¦•l,YAWATAHAMA,,,,,,,,,,,,,
EHM012,‰Fa“‡,UWAJIMA,,,,,,,,,,,,,
EHM013,Oθ,MISAKI,,,,,,,,,,,,,
EHM014,ΌC,NISHIUMI,,,,,,,,,,,,,
EHM015,’·•l,NAGAHAMA,,,,,,,,,,,,,
EHM016,Ι—\,IYO,,,,,,,,,,,,,
FKI001,O‘,MIKUNI,,,,,,,,,,,,,
FKI002,‰z”U,KOSHINO,,,,,,,,,,,,,
FKI003,•δ,FUKUI,,,,,,,,,,,,,
FKI004,‘ε–μ,OHNO,,,,,,,,,,,,,
FKI005,•¶,TAKEFU,,,,,,,,,,,,,
FKI006,΅―,IMAJO,,,,,,,,,,,,,
FKI007,“Φ‰κ,TSURUGA,,,,,,,,,,,,,
FKI008,O•ϋ,MIKATA,,,,,,,,,,,,,
FKI009,¬•l,OBAMA,,,,,,,,,,,,,
FKI010,‚•l,TAKAHAMA,,,,,,,,,,,,,
FKI011,aς,IZUMI,,,,,,,,,,,,,
FKO001,ΊC,GENKAI,,,,,,,,,,,,,
FKO002,’†Τ,NAKAMA,,,,,,,,,,,,,
FKO003,–k‹γB,KITAKYUSHU,,,,,,,,,,,,,
FKO004,s‹΄,YUKUHASHI,,,,,,,,,,,,,
FKO005,”Ρ’Λ,IIZUKA,,,,,,,,,,,,,
FKO006,•‰,FUKUOKA,,,,,,,,,,,,,
FKO007,‘O΄,MAEBARU,,,,,,,,,,,,,
FKO008,“Y“c,SOEDA,,,,,,,,,,,,,
FKO009,’}‡–μ,CHIKUSHINO,,,,,,,,,,,,,
FKO010,Γ–Ψ,AMAGI,,,,,,,,,,,,,
FKO011,‹v—―•Δ,KURUME,,,,,,,,,,,,,
FKO012,•‚‰H,UKIHA,,,,,,,,,,,,,
FKO013,”—,YAME,,,,,,,,,,,,,
FKO014,–ξ•”,YABE,,,,,,,,,,,,,
FKO015,–φμ,YANAGAWA,,,,,,,,,,,,,
FKO016,‘ε–΄“c,OHMUTA,,,,,,,,,,,,,
FKS001,‘”n,SOMA,,,,,,,,,,,,,
FKS002,—ΐμ,YANAGAWA,,,,,,,,,,,,,
FKS003,•“‡,FUKUSHIMA,,,,,,,,,,,,,
FKS004,”ΡΪ,IITATE,,,,,,,,,,,,,
FKS005,΄’¬,HARAMACHI,,,,,,,,,,,,,
FKS006,‹”φ,KATSURAO,,,,,,,,,,,,,
FKS007,‘εF,OHKUMA,,,,,,,,,,,,,
FKS008,‘Dψ,FUNEHIKI,,,,,,,,,,,,,
FKS009,¬–μ,ONO,,,,,,,,,,,,,
FKS010,L–μ,HIRONO,,,,,,,,,,,,,
FKS011,‚Ά‚ν‚«,IWAKI,,,,,,,,,,,,,
FKS012,–ά—,NAKOSO,,,,,,,,,,,,,
FKS013,Γ“a,FURUDONO,,,,,,,,,,,,,
FKS014,–ξΥ,YAMATSURI,,,,,,,,,,,,,
FKS015,’I‘q,TANAGURA,,,,,,,,,,,,,
FKS016,”’‰Ν,SHIRAKAWA,,,,,,,,,,,,,
FKS017,{‰κμ,SUKAGAWA,,,,,,,,,,,,,
FKS018,SR,KORIYAMA,,,,,,,,,,,,,
FKS019,“ρ–{Ό,NIHOMMATSU,,,,,,,,,,,,,
FKS020,’–•c‘γ,INAWASHIRO,,,,,,,,,,,,,
FKS021,μ‘½•ϋ,KITAKATA,,,,,,,,,,,,,
FKS022,Ό‰ο’Γ,NISHIAIZU,,,,,,,,,,,,,
FKS023,‰ο’ΓαΌ,AIZUWAKAMATSU,,,,,,,,,,,,,
FKS024,’†–μ,NAKANO,,,,,,,,,,,,,
FKS025,‰Ί‹½,SHIMOGO,,,,,,,,,,,,,
FKS026,“μ‹½,NANGO,,,,,,,,,,,,,
FKS027,‘κ΄,TAKINOHARA,,,,,,,,,,,,,
FKS028,‘ό©,TADAMI,,,,,,,,,,,,,
FKS029,•O}ς,HINOEMATA,,,,,,,,,,,,,
FKS030,‹ΰR,KANEYAMA,,,,,,,,,,,,,
FKS031,μ“ΰ,KAWAUCHI,,,,,,,,,,,,,
GIF001,”’μ,SHIRAKAWA,,,,,,,,,,,,,
GIF002,‰Ν‡,KAWAI,,,,,,,,,,,,,
GIF003,_‰,KAMIOKA,,,,,,,,,,,,,
GIF004,“Θ”φ,TOCHIO,,,,,,,,,,,,,
GIF005,‚R,TAKAYAMA,,,,,,,,,,,,,
GIF006,‘‘μ,SHOKAWA,,,,,,,,,,,,,
GIF007,‚,TAKANE,,,,,,,,,,,,,
GIF008,¬β,OSAKA,,,,,,,,,,,,,
GIF009,”’’Ή,SHIROTORI,,,,,,,,,,,,,
GIF010,‰ΊC,GERO,,,,,,,,,,,,,
GIF011,””¦,HACHIMAN,,,,,,,,,,,,,
GIF012,“™΄,HIGASHISUGIHARA,,,,,,,,,,,,,
GIF013,‹ΰR,KANAYAMA,,,,,,,,,,,,,
GIF014,•t’m,TSUKECHI,,,,,,,,,,,,,
GIF015,”ό”Z,MINO,,,,,,,,,,,,,
GIF016,µ@,HICHISO,,,,,,,,,,,,,
GIF017,—K”γμ,IBIGAWA,,,,,,,,,,,,,
GIF018,’†’Γμ,NAKATSUGAWA,,,,,,,,,,,,,
GIF019,b“ί,ENA,,,,,,,,,,,,,
GIF020,ς•,GIFU,,,,,,,,,,,,,
GIF021,”ό”Z‰Α–Ξ,MINOKAMO,,,,,,,,,,,,,
GIF022,γΞ’Γ,KAMIISHIZU,,,,,,,,,,,,,
GIF023,“yς,TOKI,,,,,,,,,,,,,
GIF024,–Ύ’q,AKECHI,,,,,,,,,,,,,
GIF025,”Βζ,ITADORI,,,,,,,,,,,,,
GIF026,”όR,MIYAMA,,,,,,,,,,,,,
GNM001,•Π•i,KATASHINA,,,,,,,,,,,,,
GNM002,…γ,MINAKAMI,,,,,,,,,,,,,
GNM003,ΐ“c,NUMATA,,,,,,,,,,,,,
GNM004,‘’Γ,KUSATSU,,,,,,,,,,,,,
GNM005,’Ϊ—φ,TSUMAGOI,,,,,,,,,,,,,
GNM006,αΘ,AGATSUMA,,,,,,,,,,,,,
GNM007,aμ,SHIBUKAWA,,,,,,,,,,,,,
GNM008,‘O‹΄,MAEBASHI,,,,,,,,,,,,,
GNM009,‹Λ¶,KIRYU,,,,,,,,,,,,,
GNM010,Ω—Ρ,TATEBAYASHI,,,,,,,,,,,,,
GNM011,‘Ύ“c,OHTA,,,,,,,,,,,,,
GNM012,Ι¨θ,ISESAKI,,,,,,,,,,,,,
GNM013,‚θ,TAKASAKI,,,,,,,,,,,,,
GNM014,β–{,SAKAMOTO,,,,,,,,,,,,,
GNM015,‰Ίm“c,SHIMONITA,,,,,,,,,,,,,
GNM016,–κ,MAMBA,,,,,,,,,,,,,
HKD001,’t“ΰ,WAKKANAI,,,,,,,,,,,,,
HKD002,@’J–¦,SOYAMISAKI,,,,,,,,,,,,,
HKD003,–L•x,TOYOTOMI,,,,,,,,,,,,,
HKD004,γ‰•¥,KAMISARUFUTSU,,,,,,,,,,,,,
HKD005,‰•¥,SARUFUTSU,,,,,,,,,,,,,
HKD006,•l“Ϊ•Κ,HAMATOMBETSU,,,,,,,,,,,,,
HKD007,’†“Ϊ•Κ,NAKATOMBETSU,,,,,,,,,,,,,
HKD008,}K,ESASHI,,,,,,,,,,,,,
HKD009,‰Μ“o,UTANOBORI,,,,,,,,,,,,,
HKD010,•——σ•z,FUREPPU,,,,,,,,,,,,,
HKD011,“—K,HIGASHIRISHIRI,,,,,,,,,,,,,
HKD012,‘D”‘,FUNADOMARI,,,,,,,,,,,,,
HKD013,—η•¶,REBUN,,,,,,,,,,,,,
HKD014,ΐμ,NUMAKAWA,,,,,,,,,,,,,
HKD015,“V‰–,TESHIO,,,,,,,,,,,,,
HKD016,‰“•Κ,EMBETSU,,,,,,,,,,,,,
HKD017,‰R•Κ,SHOSAMBETSU,,,,,,,,,,,,,
HKD018,³C,SEISHU,,,,,,,,,,,,,
HKD019,‰H–y,HABORO,,,,,,,,,,,,,
HKD020,`’¬,MINATOMACHI,,,,,,,,,,,,,
HKD021,—―–G,RUMOI,,,,,,,,,,,,,
HKD022,‘–Ρ,MASHIKE,,,,,,,,,,,,,
HKD023,—Y“~,OFUYU,,,,,,,,,,,,,
HKD024,’B•z,TAPPU,,,,,,,,,,,,,
HKD025,’†μ,NAKAGAWA,,,,,,,,,,,,,
HKD026,‰ΉΠq•{,OTOINEPPU,,,,,,,,,,,,,
HKD027,”ό[,BIFUKA,,,,,,,,,,,,,
HKD028,–Όρ,NAYORO,,,,,,,,,,,,,
HKD029,‰Ίμ,SHIMOKAWA,,,,,,,,,,,,,
HKD030,m•Κ,SHIBETSU,,,,,,,,,,,,,
HKD031,’©“ϊ,ASAHI,,,,,,,,,,,,,
HKD032,a¦,WASSAMU,,,,,,,,,,,,,
HKD033,¤•Κ,AIBETSU,,,,,,,,,,,,,
HKD034,γμ,KAMIKAWA,,,,,,,,,,,,,
HKD035,‘w‰_‹¬,SOUNKYO,,,,,,,,,,,,,
HKD036,®μ,ASAHIKAWA,,,,,,,,,,,,,
HKD037,”ό‰l,BIEI,,,,,,,,,,,,,
HKD038,“μ•x—Η–μ,MINAMIFURANO,,,,,,,,,,,,,
HKD039,•x—Η–μ,FURANO,,,,,,,,,,,,,
HKD040,θ¥,SHIMUKAPPU,,,,,,,,,,,,,
HKD041,“Vl‹¬,TENNINKYO,,,,,,,,,,,,,
HKD042,m‰F•z,NIUPU,,,,,,,,,,,,,
HKD043,—Y•,OMU,,,,,,,,,,,,,
HKD044,‹»•”,OKOPPE,,,,,,,,,,,,,
HKD045,Ό‹»•”,NISHIOKOPPE,,,,,,,,,,,,,
HKD046,‘κγ,TAKINOUE,,,,,,,,,,,,,
HKD047,–δ•Κ,MOMBETSU,,,,,,,,,,,,,
HKD048,—N•Κ,YUBETSU,,,,,,,,,,,,,
HKD049,‰“y,ENGARU,,,,,,,,,,,,,
HKD050,”’‘κ,SHIRATAKI,,,,,,,,,,,,,
HKD051,²CΤ,SAROMA,,,,,,,,,,,,,
HKD052,νC,TOKORO,,,,,,,,,,,,,
HKD053,—―•ΣεA,RUBESHIBE,,,,,,,,,,,,,
HKD054,–k©,KITAMI,,,,,,,,,,,,,
HKD055,”ό–y,BIHORO,,,,,,,,,,,,,
HKD056,’uΛ,OKETO,,,,,,,,,,,,,
HKD057,’Γ•Κ,TSUBETSU,,,,,,,,,,,,,
HKD058,–Τ‘–,ABASHIRI,,,,,,,,,,,,,
HKD059,¬΄…,KOSHIMIZU,,,,,,,,,,,,,
HKD060,Ξ—Ά,SHARI,,,,,,,,,,,,,
HKD061,ƒEƒgƒ,UTORO,,,,,,,,,,,,,
HKD062,•xm©,FUJIMI,,,,,,,,,,,,,
HKD063,‘”‘,AIDOMARI,,,,,,,,,,,,,
HKD064,—…‰P,RAUSU,,,,,,,,,,,,,
HKD065,O•Κ,KUMBETSU,,,,,,,,,,,,,
HKD066,•W’Γ,SHIBETSU,,,,,,,,,,,,,
HKD067,’†•W’Γ,NAKASHIBETSU,,,,,,,,,,,,,
HKD068,γΌt•Κ,KAMINISHISHUMBETSU,,,,,,,,,,,,,
HKD069,•ΚC,BETSUKAI,,,,,,,,,,,,,
HKD070,–{•ΚC,HOMBETSUKAI,,,,,,,,,,,,,
HKD071,ϊ°,ATTOKO,,,,,,,,,,,,,
HKD072,—Ξ,OCHIISHI,,,,,,,,,,,,,
HKD073,Ί,NEMURO,,,,,,,,,,,,,
HKD074,”[Ή•z,NOSAPPU,,,,,,,,,,,,,
HKD075,•l’†,HAMANAKA,,,,,,,,,,,,,
HKD076,ϊέ,AKKESHI,,,,,,,,,,,,,
HKD077,‹ϊH,KUSHIRO,,,,,,,,,,,,,
HKD078,“„H,TORO,,,,,,,,,,,,,
HKD079,•W’ƒ,SHIBECHA,,,,,,,,,,,,,
HKD080,’νq‹ό,TESHIKAGA,,,,,,,,,,,,,
HKD081,μ“’,KAWAYU,,,,,,,,,,,,,
HKD082,Ά¦Ξ”Θ,AKANKOHAN,,,,,,,,,,,,,
HKD083,’ί‹,TSURUI,,,,,,,,,,,,,
HKD084,Ά¦,AKAN,,,,,,,,,,,,,
HKD085,”’f,SHIRANUKA,,,,,,,,,,,,,
HKD086,’Ό•Κ,CHOKUBETSU,,,,,,,,,,,,,
HKD087,“ρ,FUTAMATA,,,,,,,,,,,,,
HKD088,—¤•Κ,RIKUBETSU,,,,,,,,,,,,,
HKD089,‘«ρ,ASHORO,,,,,,,,,,,,,
HKD090,–{•Κ,HOMBETSU,,,,,,,,,,,,,
HKD091,‰Y–y,URAHORO,,,,,,,,,,,,,
HKD092,’r“c,IKEDA,,,,,,,,,,,,,
HKD093,f•½,NUKABIRA,,,,,,,,,,,,,
HKD094,m–y,SHIHORO,,,,,,,,,,,,,
HKD095,‘ΡL,OBIHIRO,,,,,,,,,,,,,
HKD096,’†D“ΰ,NAKASATSUNAI,,,,,,,,,,,,,
HKD097,¶‰Τ,SEIKA,,,,,,,,,,,,,
HKD098,‘εχ,TAIKI,,,,,,,,,,,,,
HKD099,V“Ύ,SHINTOKU,,,,,,,,,,,,,
HKD100,L”φ,HIROO,,,,,,,,,,,,,
HKD101,ƒgƒ€ƒ‰ƒEƒV,TOMURAUSHI,,,,,,,,,,,,,
HKD102,“ϊ‚,HIDAKA,,,,,,,,,,,,,
HKD103,–y–Ρu,HOROKESHI,,,,,,,,,,,,,
HKD104,•½ζ,BIRATORI,,,,,,,,,,,,,
HKD105,–ε•Κ,MOMBETSU,,,,,,,,,,,,,
HKD106,Γ“ΰ,SHIZUNAI,,,,,,,,,,,,,
HKD107,”_‰®,NOYA,,,,,,,,,,,,,
HKD108,OΞ,MITSUISHI,,,,,,,,,,,,,
HKD109,‰Y‰Ν,URAKAWA,,,,,,,,,,,,,
HKD110,—l—,SAMANI,,,,,,,,,,,,,
HKD111,‚¦‚θ‚ΰ,ERIMO,,,,,,,,,,,,,
HKD112,‚¦‚θ‚ΰ–¦,ERIMOMISAKI,,,,,,,,,,,,,
HKD113,–Ϊ•,MEGURO,,,,,,,,,,,,,
HKD114,ι‹f“ΰ,SHUMARINAI,,,,,,,,,,,,,
HKD115,–y‰Α“ΰ,HOROKANAI,,,,,,,,,,,,,
HKD116,ΐ“c,NUMATA,,,,,,,,,,,,,
HKD117,[μ,FUKAGAWA,,,,,,,,,,,,,
HKD118,‘κμ,TAKIKAWA,,,,,,,,,,,,,
HKD119,°•Κ,ASHIBETSU,,,,,,,,,,,,,
HKD120,`,TSUKIGATA,,,,,,,,,,,,,
HKD121,”ό‰S,BIBAI,,,,,,,,,,,,,
HKD122,β©‘ς,IWAMIZAWA,,,,,,,,,,,,,
HKD123,—[’£,YUBARI,,,,,,,,,,,,,
HKD124,—Rm,YUNI,,,,,,,,,,,,,
HKD125,•δ•Κ,HOBETSU,,,,,,,,,,,,,
HKD126,–·μ,MUKAWA,,,,,,,,,,,,,
HKD127,’Η•,OIWAKE,,,,,,,,,,,,,
HKD128,‘—,HAYAKITA,,,,,,,,,,,,,
HKD129,“Ο¬–q,TOMAKOMAI,,,,,,,,,,,,,
HKD130,”’V,SHIRAOI,,,,,,,,,,,,,
HKD131,“o•Κ,NOBORIBETSU,,,,,,,,,,,,,
HKD132,Ί—–,MURORAN,,,,,,,,,,,,,
HKD133,Ι’B,DATE,,,,,,,,,,,,,
HKD134,‘ε‘κ,OHTAKI,,,,,,,,,,,,,
HKD135,‘s•Λ,SOBETSU,,,,,,,,,,,,,
HKD136,–L‰Y,TOYOURA,,,,,,,,,,,,,
HKD137,—]•Κ,YOBETSU,,,,,,,,,,,,,
HKD138,Ο’O,SHAKOTAN,,,,,,,,,,,,,
HKD139,—]s,YOICHI,,,,,,,,,,,,,
HKD140,¬’M,OTARU,,,,,,,,,,,,,
HKD141,_b“ΰ,KAMOENAI,,,,,,,,,,,,,
HKD142,Τδμ,AKAIGAWA,,,,,,,,,,,,,
HKD143,β“ΰ,IWANAI,,,,,,,,,,,,,
HKD144,‹δ’mΐ,KUCCHAN,,,,,,,,,,,,,
HKD145,μ–Ξ•Κ,KIMOBETSU,,,,,,,,,,,,,
HKD146,ƒjƒZƒR,NISEKO,,,,,,,,,,,,,
HKD147,—–‰z,RANKOSHI,,,,,,,,,,,,,
HKD148,•Ό“ΰ,KUROMATSUNAI,,,,,,,,,,,,,
HKD149,υ“s,SUTTSU,,,,,,,,,,,,,
HKD150,“‡–q,SHIMAMAKI,,,,,,,,,,,,,
HKD151,’·–•”,OSHAMAMBE,,,,,,,,,,,,,
HKD152,”‰_,YAKUMO,,,,,,,,,,,,,
HKD153,γ‚Μ“’,KAMINOYU,,,,,,,,,,,,,
HKD154,X,MORI,,,,,,,,,,,,,
HKD155,­•”,SHIKABE,,,,,,,,,,,,,
HKD156,µ”Ρ,NANAE,,,,,,,,,,,,,
HKD157,“μ•”,MINAMIKAYABE,,,,,,,,,,,,,
HKD158,“Μ–@‰Ψ,TODOHOKKE,,,,,,,,,,,,,
HKD159,Λδ,TOI,,,,,,,,,,,,,
HKD160,”Ω,HAKODATE,,,,,,,,,,,,,
HKD161,–ΨΓ“ΰ,KIKONAI,,,,,,,,,,,,,
HKD162,•“‡,FUKUSHIMA,,,,,,,,,,,,,
HKD163,Ό‘O,MATSUMAE,,,,,,,,,,,,,
HKD164,£’I,SETANA,,,,,,,,,,,,,
HKD165,΅‹ΰ,IMAKANE,,,,,,,,,,,,,
HKD166,‘ε¬,TAISEI,,,,,,,,,,,,,
HKD167,FΞ,KUMAISHI,,,,,,,,,,,,,
HKD168,]·,ESASHI,,,,,,,,,,,,,
HKD169,–ΨΤ“ΰ,KIMANAI,,,,,,,,,,,,,
HKD170,“’ƒm‘Π,YUNOTAI,,,,,,,,,,,,,
HKD171,¬»q,CHIISAGO,,,,,,,,,,,,,
HKD172,ξ•δ,INAHO,,,,,,,,,,,,,
HKD173,Β•c,AONAE,,,,,,,,,,,,,
HKD174,–k“‡‰Μ,KITASHIMAUTA,,,,,,,,,,,,,
HKD175,•l‰v,HAMAMASU,,,,,,,,,,,,,
HKD176,l”Τμ,YOMBANGAWA,,,,,,,,,,,,,
HKD177,ϊ“c,ATSUTA,,,,,,,,,,,,,
HKD178,Ξλ,ISHIKARI,,,,,,,,,,,,,
HKD179,“–•Κ,TOBETSU,,,,,,,,,,,,,
HKD180,D–y,SAPPORO,,,,,,,,,,,,,
HKD181,]•Κ,EBETSU,,,,,,,,,,,,,
HKD182,L“‡,HIROSHIMA,,,,,,,,,,,,,
HKD183,’θRk,JOZANKEI,,,,,,,,,,,,,
HKD184,ηΞ,CHITOSE,,,,,,,,,,,,,
HKD185,xβ”Ξ”Θ,SHIKOTSUKOHAN,,,,,,,,,,,,,
HRS001,‚–μ,TAKANO,,,,,,,,,,,,,
HRS002,“ι,TOJO,,,,,,,,,,,,,
HRS003,O,MIYOSHI,,,,,,,,,,,,,
HRS004,|–k,GEIHOKU,,,,,,,,,,,,,
HRS005,–ϋ–Ψ,YUKI,,,,,,,,,,,,,
HRS006,–L•½,TOYOHIRA,,,,,,,,,,,,,
HRS007,b“z,KONU,,,,,,,,,,,,,
HRS008,ό΄,MUKAIHARA,,,,,,,,,,,,,
HRS009,“’—,YUKI,,,,,,,,,,,,,
HRS010,Ά—…,SERA,,,,,,,,,,,,,
HRS011,•{’†,FUCHU,,,,,,,,,,,,,
HRS012,“L“‡,HIGASHIHIROSHIMA,,,,,,,,,,,,,
HRS013,L“‡,HIROSHIMA,,,,,,,,,,,,,
HRS014,‘ε–μ,OHNO,,,,,,,,,,,,,
HRS015,•R,FUKUYAMA,,,,,,,,,,,,,
HRS016,”φ“Ή,ONOMICHI,,,,,,,,,,,,,
HRS017,O΄,MIHARA,,,,,,,,,,,,,
HRS018,’|΄,TAKEHARA,,,,,,,,,,,,,
HRS019,ΰ,KURE,,,,,,,,,,,,,
HRS020,φ“‡,INNOSHIMA,,,,,,,,,,,,,
HRS021,Όι,SAIJO,,,,,,,,,,,,,
HYG001,•lβ,HAMASAKA,,,,,,,,,,,,,
HYG002,Z,KASUMI,,,,,,,,,,,,,
HYG003,oΞ,IZUSHI,,,,,,,,,,,,,
HYG004,‘Ί‰,MURAOKA,,,,,,,,,,,,,
HYG005,a“cR,WADAYAMA,,,,,,,,,,,,,
HYG006,‘ε‰®,OHYA,,,,,,,,,,,,,
HYG007,”g‰κ,HAGA,,,,,,,,,,,,,
HYG008,¶–μ,IKUNO,,,,,,,,,,,,,
HYG009,•δ,KUROI,,,,,,,,,,,,,
HYG010,’O“μ,TANNAN,,,,,,,,,,,,,
HYG011,γ,KOZUKI,,,,,,,,,,,,,
HYG012,Rθ,YAMASAKI,,,,,,,,,,,,,
HYG013,sμ,ICHIKAWA,,,,,,,,,,,,,
HYG014,Όe,NISHIWAKI,,,,,,,,,,,,,
HYG015,O“c,SANDA,,,,,,,,,,,,,
HYG016,Τ•δ,AKO,,,,,,,,,,,,,
HYG017,—΄–μ,TATSUNO,,,,,,,,,,,,,
HYG018,•PH,HIMEJI,,,,,,,,,,,,,
HYG019,‰ΑΓμ,KAKOGAWA,,,,,,,,,,,,,
HYG020,O–Ψ,MIKI,,,,,,,,,,,,,
HYG021,_Λ,KOBE,,,,,,,,,,,,,
HYG022,Ό‹{,NISHINOMIYA,,,,,,,,,,,,,
HYG023,–ΎΞ,AKASHI,,,,,,,,,,,,,
HYG024,“‰Y,HIGASHIURA,,,,,,,,,,,,,
HYG025,F–{,SUMOTO,,,,,,,,,,,,,
HYG026,άF,GOSHIKI,,,,,,,,,,,,,
HYG027,“μ’W,NANDAN,,,,,,,,,,,,,
IBR001,‘εq,DAIGO,,,,,,,,,,,,,
IBR002,‚”‹,TAKAHAGI,,,,,,,,,,,,,
IBR003,“ϊ—§,HITACHI,,,,,,,,,,,,,
IBR004,‘ε‹{,OHMIYA,,,,,,,,,,,,,
IBR005,}Τ,KASAMA,,,,,,,,,,,,,
IBR006,…Λ,MITO,,,,,,,,,,,,,
IBR007,“ί‰Ο–©,NAKAMINATO,,,,,,,,,,,,,
IBR008,‰ΊΩ,SHIMODATE,,,,,,,,,,,,,
IBR009,Γ‰Ν,KOGA,,,,,,,,,,,,,
IBR010,‰ΊΘ,SHIMOTSUMA,,,,,,,,,,,,,
IBR011,‚Β‚­‚Ξ,TSUKUBA,,,,,,,,,,,,,
IBR012,Ξ‰,ISHIOKA,,,,,,,,,,,,,
IBR013,–g“c,HOKOTA,,,,,,,,,,,,,
IBR014,“y‰Y,TSUCHIURA,,,,,,,,,,,,,
IBR015,βδ,IWAI,,,,,,,,,,,,,
IBR016,ζθ,TORIDE,,,,,,,,,,,,,
IBR017,]Λθ,EDOSAKI,,,,,,,,,,,,,
IBR018,­“,KASHIMA,,,,,,,,,,,,,
IBR019,–kοι,KITAIBARAKI,,,,,,,,,,,,,
ISK001,‘ε’J,OHYA,,,,,,,,,,,,,
ISK002,³‰@,SHOIN,,,,,,,,,,,,,
ISK003,—Φ“‡,WAJIMA,,,,,,,,,,,,,
ISK004,”\“s,NOTO,,,,,,,,,,,,,
ISK005,…,ANAMIZU,,,,,,,,,,,,,
ISK006,•x—,TOGI,,,,,,,,,,,,,
ISK007,µ”φ,NANAO,,,,,,,,,,,,,
ISK008,‰Hξ,HAKUI,,,,,,,,,,,,,
ISK009,µ’Λ,NANATSUKA,,,,,,,,,,,,,
ISK010,‹ΰ‘ς,KANAZAWA,,,,,,,,,,,,,
ISK011,¬Ό,KOMATSU,,,,,,,,,,,,,
ISK012,’Ή‰z,TORIGOE,,,,,,,,,,,,,
ISK013,”’•τ,SHIRAMINE,,,,,,,,,,,,,
ISK014,‰Α‰κ,KAGA,,,,,,,,,,,,,
ISK015,‘ε’¬,OHMACHI,,,,,,,,,,,,,
IWT001,νs,TANEICHI,,,,,,,,,,,,,
IWT002,‹v,KUJI,,,,,,,,,,,,,
IWT003,•‘γ,FUDAI,,,,,,,,,,,,,
IWT004,“cV,TARO,,,,,,,,,,,,,
IWT005,‹{Γ,MIYAKO,,,,,,,,,,,,,
IWT006,R“c,YAMADA,,,,,,,,,,,,,
IWT007,Ξ,KAMAISHI,,,,,,,,,,,,,
IWT008,‘ε‘D“n,OHFUNATO,,,,,,,,,,,,,
IWT009,‘ε“,DAITO,,,,,,,,,,,,,
IWT010,κΦ,ICHINOSEKI,,,,,,,,,,,,,
IWT011,…‘ς,MIZUSAWA,,,,,,,,,,,,,
IWT012,–kγ,KITAKAMI,,,,,,,,,,,,,
IWT013,‰“–μ,TONO,,,,,,,,,,,,,
IWT014,Ξ’Ή’J,ISHIDORIYA,,,,,,,,,,,,,
IWT015,μK,KAWAJIRI,,,,,,,,,,,,,
IWT016,μδ,KAWAI,,,,,,,,,,,,,
IWT017,–ε”n,KADOMA,,,,,,,,,,,,,
IWT018,·‰,MORIOKA,,,,,,,,,,,,,
IWT019,βς,IWAIZUMI,,,,,,,,,,,,,
IWT020,εMμ,YABUKAWA,,,,,,,,,,,,,
IWT021,Ό,NISHINE,,,,,,,,,,,,,
IWT022,ΐ‘γ,ASHIRO,,,,,,,,,,,,,
IWT023,‹,KUZUMAKI,,,,,,,,,,,,,
IWT024,“ρΛ,NINOHE,,,,,,,,,,,,,
IWT025,‘εu“c,OHSHIDA,,,,,,,,,,,,,
IWT026,‘‹,AISARI,,,,,,,,,,,,,
KGS001,“,AZUMA,,,,,,,,,,,,,
KGS002,o…,IZUMI,,,,,,,,,,,,,
KGS003,‘εϋ,OHKUCHI,,,,,,,,,,,,,
KGS004,Ά‹v,AKUNE,,,,,,,,,,,,,
KGS005,‹{”Vι,MIYANOJO,,,,,,,,,,,,,
KGS006,‰΅μ,YOKOGAWA,,,,,,,,,,,,,
KGS007,μ“ΰ,SENDAI,,,,,,,,,,,,,
KGS008,—¶,KAMO,,,,,,,,,,,,,
KGS009,‘•,KOKUBU,,,,,,,,,,,,,
KGS010,‹ψ–Ψ–μ,KUSHIKINO,,,,,,,,,,,,,
KGS011,“ϊ‹g,HIYOSHI,,,,,,,,,,,,,
KGS012,­™“‡,KAGOSHIMA,,,,,,,,,,,,,
KGS013,‘ε‹χ,OHSUMI,,,,,,,,,,,,,
KGS014,‚…,TARUMIZU,,,,,,,,,,,,,
KGS015,‘εθ,OHSAKI,,,,,,,,,,,,,
KGS016,‰ΑΆ“c,KASEDA,,,,,,,,,,,,,
KGS017,­‰®,KANOYA,,,,,,,,,,,,,
KGS018,μ“ό,KIIRE,,,,,,,,,,,,,
KGS019,–θ,MAKURAZAKI,,,,,,,,,,,,,
KGS020,‰o΅,EI,,,,,,,,,,,,,
KGS021,wh,IBUSUKI,,,,,,,,,,,,,
KGS022,“ΰ”V‰Y,UCHINOURA,,,,,,,,,,,,,
KGS023,“c‘γ,TASHIRO,,,,,,,,,,,,,
KGS024,²‘½,SATA,,,,,,,,,,,,,
KGS025,Ό”V•\,NISHINOOMOTE,,,,,,,,,,,,,
KGS026,’†νq,NAKATANE,,,,,,,,,,,,,
KGS027,–ε‘qθ,KADOKURAZAKI,,,,,,,,,,,,,
KGS028,γ‰®‹v,KAMIYAKU,,,,,,,,,,,,,
KGS029,‰®‹v,YAKU,,,,,,,,,,,,,
KGS030,}—,KASARI,,,,,,,,,,,,,
KGS031,‘εa,YAMATO,,,,,,,,,,,,,
KGS032,£Λ“ΰ,SETOUCHI,,,,,,,,,,,,,
KGS033,Ιε,ISEN,,,,,,,,,,,,,
KGS034,’m–Ό,CHINA,,,,,,,,,,,,,
KGS035,—^_,YORON,,,,,,,,,,,,,
KGS036,γ™,KAMIKOSHIKI,,,,,,,,,,,,,
KGS037,‰Ί™,SHIMOKOSHIKI,,,,,,,,,,,,,
KGW001,“y―,TONOSHO,,,,,,,,,,,,,
KGW002,“ΰC,UCHINOUMI,,,,,,,,,,,,,
KGW003,Ϋ‹T,MARUGAME,,,,,,,,,,,,,
KGW004,‚Ό,TAKAMATSU,,,,,,,,,,,,,
KGW005,Ο‰Ή›,KANONJI,,,,,,,,,,,,,
KGW006,’·”φ,NAGAO,,,,,,,,,,,,,
KGW007,ψ“c,HIKETA,,,,,,,,,,,,,
KGW008,‹Υ“μ,KOTONAMI,,,,,,,,,,,,,
KMM001,¬‘,OGUNI,,,,,,,,,,,,,
KMM002,R­,YAMAGA,,,,,,,,,,,,,
KMM003,‹Κ–Ό,TAMANA,,,,,,,,,,,,,
KMM004,κ‚Μ‹{,ICHINOMIYA,,,,,,,,,,,,,
KMM005,‘ε’Γ,OHZU,,,,,,,,,,,,,
KMM006,F–{,KUMAMOTO,,,,,,,,,,,,,
KMM007,‚X,TAKAMORI,,,,,,,,,,,,,
KMM008,‰F“y,UTO,,,,,,,,,,,,,
KMM009,–ξ•”,YABE,,,,,,,,,,,,,
KMM010,Op,MISUMI,,,,,,,,,,,,,
KMM011,“u—p,TOMOCHI,,,,,,,,,,,,,
KMM012,”‘γ,YATSUSHIRO,,,,,,,,,,,,,
KMM013,“c‰Y,TANOURA,,,,,,,,,,,,,
KMM014,ά–Ψ,ITSUKI,,,,,,,,,,,,,
KMM015,…–“,MINAMATA,,,,,,,,,,,,,
KMM016,l‹g,HITOYOSHI,,,,,,,,,,,,,
KMM017,‘½—Η–Ψ,TARAGI,,,,,,,,,,,,,
KMM018,—΄ƒ–x,RYUGATAKE,,,,,,,,,,,,,
KMM019,–{“n,HONDO,,,,,,,,,,,,,
KMM020,Va,SHINWA,,,,,,,,,,,,,
KMM021,“V‘,AMAKUSA,,,,,,,,,,,,,
KMM022,‹[,USHIBUKA,,,,,,,,,,,,,
KNG001,μθ,KAWASAKI,,,,,,,,,,,,,
KNG002,‰΅•l,YOKOHAMA,,,,,,,,,,,,,
KNG003,‰΅{‰κ,YOKOSUKA,,,,,,,,,,,,,
KNG004,Oθ,MISAKI,,,,,,,,,,,,,
KNG005,™‘q,KAMAKURA,,,,,,,,,,,,,
KNG006,“ρ–“μ,FUTAMATAGAWA,,,,,,,,,,,,,
KNG007,“΅‘ς,FUJISAWA,,,,,,,,,,,,,
KNG008,‘–Ν΄,SAGAMIHARA,,,,,,,,,,,,,
KNG009,ϊ–Ψ,ATSUGI,,,,,,,,,,,,,
KNG010,•½’Λ,HIRATSUKA,,,,,,,,,,,,,
KNG011,“΅–μ,FUJINO,,,,,,,,,,,,,
KNG012,`–μ,HADANO,,,,,,,,,,,,,
KNG013,¬“c΄,ODAWARA,,,,,,,,,,,,,
KNG014,R–k,YAMAKITA,,,,,,,,,,,,,
KNG201,•½’ΛST1,HIRATSUKA-ST1,,,,,,,,,,,,,
KNG202,•½’ΛST2,HIRATSUKA-ST2,,,,,,,,,,,,,
KNG203,•½’ΛST3,HIRATSUKA-ST3,,,,,,,,,,,,,
KNG204,•½’ΛST4,HIRATSUKA-ST4,,,,,,,,,,,,,
KNG205,•½’ΛST5,HIRATSUKA-ST5,,,,,,,,,,,,,
KNG206,•½’ΛST6,HIRATSUKA-ST6,,,,,,,,,,,,,
KOC001,“—m,TOYO,,,,,,,,,,,,,
KOC002,ΊΛ,MUROTO,,,,,,,,,,,,,
KOC003,ΐ|,AKI,,,,,,,,,,,,,
KOC004,•¨•”,MONOBE,,,,,,,,,,,,,
KOC005,“y²R“c,TOSAYAMADA,,,,,,,,,,,,,
KOC006,“y²,TOSA,,,,,,,,,,,,,
KOC007,‚’m,KOCHI,,,,,,,,,,,,,
KOC008,–{μ,HONKAWA,,,,,,,,,,,,,
KOC009,αμ,AGAWA,,,,,,,,,,,,,
KOC010,{θ,SUSAKI,,,,,,,,,,,,,
KOC011,΄,YUSUHARA,,,,,,,,,,,,,
KOC012,‘ε³,TAISHO,,,,,,,,,,,,,
KOC013,²‰κ,SAGA,,,,,,,,,,,,,
KOC014,’†‘Ί,NAKAMURA,,,,,,,,,,,,,
KOC015,h–Ρ,SUKUMO,,,,,,,,,,,,,
KOC016,“y²΄…,TOSASHIMIZU,,,,,,,,,,,,,
KOC017,‘ε–L,OTOYO,,,,,,,,,,,,,
KYT001,’Oγ,TANGO,,,,,,,,,,,,,
KYT002,‹v”ό•l,KUMIHAMA,,,,,,,,,,,,,
KYT003,Ι,INE,,,,,,,,,,,,,
KYT004,‹{’Γ,MIYAZU,,,,,,,,,,,,,
KYT005,•‘’ί,MAIZURU,,,,,,,,,,,,,
KYT006,•’mR,FUKUCHIYAMA,,,,,,,,,,,,,
KYT007,°¶,ASHIU,,,,,,,,,,,,,
KYT008,–{―,HONJO,,,,,,,,,,,,,
KYT009,“ϊ‹g,HIYOSHI,,,,,,,,,,,,,
KYT010,‘ε•z{,OHFUSE,,,,,,,,,,,,,
KYT011,‹T‰,KAMEOKA,,,,,,,,,,,,,
KYT012,‹“s,KYOTO,,,,,,,,,,,,,
KYT013,‰F΅,UJI,,,,,,,,,,,,,
KYT014,“μRι,MINAMIYAMASHIRO,,,,,,,,,,,,,
KYT015,L‰Ν΄,HIROGAWARA,,,,,,,,,,,,,
MIE001,“΅΄,FUJIWARA,,,,,,,,,,,,,
MIE002,Τ–μ,KOMONO,,,,,,,,,,,,,
MIE003,l“ϊs,YOKKAICHI,,,,,,,,,,,,,
MIE004,‹TR,KAMEYAMA,,,,,,,,,,,,,
MIE005,γ–μ,UENO,,,,,,,,,,,,,
MIE006,’Γ,TSU,,,,,,,,,,,,,
MIE007,”’R,HAKUSAN,,,,,,,,,,,,,
MIE008,–Ό’£,NABARI,,,,,,,,,,,,,
MIE009,Όγ,MATSUZAKA,,,,,,,,,,,,,
MIE010,Ι¨,ISE,,,,,,,,,,,,,
MIE011,”Ρ‚,IITAKA,,,,,,,,,,,,,
MIE012,u–€,SHIMA,,,,,,,,,,,,,
MIE013,“μ“‡,NANTO,,,,,,,,,,,,,
MIE014,”φh,OWASE,,,,,,,,,,,,,
MIE015,F–μ,KUMANO,,,,,,,,,,,,,
MIE016,‹Ia,KIWA,,,,,,,,,,,,,
MIE017,‹{μ,MIYAKAWA,,,,,,,,,,,,,
MIE018,’ΦΆ,TSUBAISO,,,,,,,,,,,,,
MYG001,‹Cεΐ,KESENNUMA,,,,,,,,,,,,,
MYG002,‰Μ’Γ,UTATSU,,,,,,,,,,,,,
MYG003,“a,TOWA,,,,,,,,,,,,,
MYG004,’zΩ,TSUKIDATE,,,,,,,,,,,,,
MYG005,–Βq,NARUKO,,,,,,,,,,,,,
MYG006,Γμ,FURUKAWA,,,,,,,,,,,,,
MYG007,–L—Ά,TOYOSATO,,,,,,,,,,,,,
MYG008,–kγ,KITAKAMI,,,,,,,,,,,,,
MYG009,‘εa,TAIWA,,,,,,,,,,,,,
MYG010,Ξ,ISHINOMAKI,,,,,,,,,,,,,
MYG011,‰²­,OSHIKA,,,,,,,,,,,,,
MYG012,‰–β},SHIOGAMA,,,,,,,,,,,,,
MYG013,ε‘δ,SENDAI,,,,,,,,,,,,,
MYG014,μ•ΐ,SAKUNAMI,,,,,,,,,,,,,
MYG015,βΐ,IWANUMA,,,,,,,,,,,,,
MYG016,”’Ξ,SHIROISHI,,,,,,,,,,,,,
MYG017,p“c,KAKUDA,,,,,,,,,,,,,
MYG018,Ι—Ά‘O,ISATOMAE,,,,,,,,,,,,,
MYG019,–Βq‰·ς,NARUKOONSEN,,,,,,,,,,,,,
MYZ001,‚η•δ,TAKACHIHO,,,,,,,,,,,,,
MYZ002,–kμ,KITAGAWA,,,,,,,,,,,,,
MYZ003,‰„‰,NOBEOKA,,,,,,,,,,,,,
MYZ004,“μ‹½,NANGO,,,,,,,,,,,,,
MYZ005,“ϊό,HYUGA,,,,,,,,,,,,,
MYZ006,“s”_,TSUNO,,,,,,,,,,,,,
MYZ007,Ό•Δ—Η,NISHIMERA,,,,,,,,,,,,,
MYZ008,Ό“s,SAITO,,,,,,,,,,,,,
MYZ009,‚¦‚Ρ‚Μ,EBINO,,,,,,,,,,,,,
MYZ010,¬—Ρ,KOBAYASHI,,,,,,,,,,,,,
MYZ011,»,AYA,,,,,,,,,,,,,
MYZ012,‚θ,TAKASAKI,,,,,,,,,,,,,
MYZ013,‹{θ,MIYAZAKI,,,,,,,,,,,,,
MYZ014,“c–μ,TANO,,,,,,,,,,,,,
MYZ015,“sι,MIYAKONOJO,,,,,,,,,,,,,
MYZ016,“ϊ“μ,NICHINAN,,,,,,,,,,,,,
MYZ017,‹ψΤ,KUSHIMA,,,,,,,,,,,,,
MYZ018,“sδ–¦,TOIMISAKI,,,,,,,,,,,,,
MYZ019,–k‹½,KITAGO,,,,,,,,,,,,,
MYZ020,’Ε—t,SHIIBA,,,,,,,,,,,,,
NAR001,¶‹ξ,IKOMA,,,,,,,,,,,,,
NAR002,“ή—Η,NARA,,,,,,,,,,,,,
NAR003,‘εa‚“c,YAMATOTAKADA,,,,,,,,,,,,,
NAR004,Y΄,HAIBARA,,,,,,,,,,,,,
NAR005,ά,GOJO,,,,,,,,,,,,,
NAR006,μγ,KAWAKAMI,,,,,,,,,,,,,
NAR007,‘ε“ƒ,OHTO,,,,,,,,,,,,,
NAR008,γ–kR,KAMIKITAYAMA,,,,,,,,,,,,,
NAR009,\’Γμ,TOTSUKAWA,,,,,,,,,,,,,
NGN001,”ΡR,IIYAMA,,,,,,,,,,,,,
NGN002,M”Z,SHINANO,,,,,,,,,,,,,
NGN003,Rƒm“ΰ,YAMANOUCHI,,,,,,,,,,,,,
NGN004,’·–μ,NAGANO,,,,,,,,,,,,,
NGN005,”’”n,HAKUBA,,,,,,,,,,,,,
NGN006,‘ε’¬,OHMACHI,,,,,,,,,,,,,
NGN007,Y£‰Ί,KUISEKE,,,,,,,,,,,,,
NGN008,γ“c,UEDA,,,,,,,,,,,,,
NGN009,•δ‚,HOTAKA,,,,,,,,,,,,,
NGN010,¬”,KOMORO,,,,,,,,,,,,,
NGN011,’·–ε,NAGATO,,,,,,,,,,,,,
NGN012,Ό–{,MATSUMOTO,,,,,,,,,,,,,
NGN013,ΐ“ά,AZUMI,,,,,,,,,,,,,
NGN014,¬C,KOUMI,,,,,,,,,,,,,
NGN015,z–K,SUWA,,,,,,,,,,,,,
NGN016,•xm©,FUJIMI,,,,,,,,,,,,,
NGN017,“θμ,NARAKAWA,,,,,,,,,,,,,
NGN018,‰¤‘κ,OTAKI,,,,,,,,,,,,,
NGN019,–Ψ‘]•“‡,KISOFUKUSHIMA,,,,,,,,,,,,,
NGN020,Ι“ί,INA,,,,,,,,,,,,,
NGN021,‹ξƒ–,KOMAGANE,,,,,,,,,,,,,
NGN022,“μ–Ψ‘],NAGISO,,,,,,,,,,,,,
NGN023,‘ε­,OHSHIKA,,,,,,,,,,,,,
NGN024,”Ρ“c,IIDA,,,,,,,,,,,,,
NGN025,“V—΄,TENRYU,,,,,,,,,,,,,
NGS001,•½Λ,HIRADO,,,,,,,,,,,,,
NGS002,Ό‰Y,MATSUURA,,,,,,,,,,,,,
NGS003,uXκ,SHIJIKI,,,,,,,,,,,,,
NGS004,²Ά•Ϋ,SASEBO,,,,,,,,,,,,,
NGS005,“”ή‹n,HIGASHISONOGI,,,,,,,,,,,,,
NGS006,‘ε£Λ,OHSETO,,,,,,,,,,,,,
NGS007,‹ΥC,KINKAI,,,,,,,,,,,,,
NGS008,¬’·δ,KONAGAI,,,,,,,,,,,,,
NGS009,ζ|‘,ISAHAYA,,,,,,,,,,,,,
NGS010,’·θ,NAGASAKI,,,,,,,,,,,,,
NGS011,ηXΞ,CHIJIWA,,,,,,,,,,,,,
NGS012,“‡΄,SHIMABARA,,,,,,,,,,,,,
NGS013,–μ•κθ,NOMOZAKI,,,,,,,,,,,,,
NGS014,ϋ”V’Γ,KUCHINOTSU,,,,,,,,,,,,,
NGS015,‰F‹v,UKU,,,,,,,,,,,,,
NGS016,αΌ,WAKAMATSU,,,,,,,,,,,,,
NGS017,•],FUKUE,,,,,,,,,,,,,
NGS018,‹Κ”V‰Y,TAMANOURA,,,,,,,,,,,,,
NGS019,‘ε‘Ί,OHMURA,,,,,,,,,,,,,
NGS020,γ‘Ξ”n,KAMITSUSHIMA,,,,,,,,,,,,,
NGS021,–L‹Κ,TOYOTAMA,,,,,,,,,,,,,
NGS022,‘•,KOKUBU,,,,,,,,,,,,,
NGS023,‹½ƒm‰Y,GONOURA,,,,,,,,,,,,,
NIG001,β’Jϋ,IWAYAGUCHI,,,,,,,,,,,,,
NIG002,—Ό’Γ,RYOTSU,,,,,,,,,,,,,
NIG003,²a“c,SAWATA,,,,,,,,,,,,,
NIG004,¬–Ψ,OGI,,,,,,,,,,,,,
NIG005,Όƒ–θ,MATSUGASAKI,,,,,,,,,,,,,
NIG006,¦μ,KANGAWA,,,,,,,,,,,,,
NIG007,‘Ίγ,MURAKAMI,,,,,,,,,,,,,
NIG008,’†π,NAKAJO,,,,,,,,,,,,,
NIG009,V”­“c,SHIBATA,,,,,,,,,,,,,
NIG010,Vƒ,NIIGATA,,,,,,,,,,,,,
NIG011,V’Γ,NIITSU,,,,,,,,,,,,,
NIG012,­£,KANOSE,,,,,,,,,,,,,
NIG013,,MAKI,,,,,,,,,,,,,
NIG014,Oπ,SANJO,,,,,,,,,,,,,
NIG015,‘ΊΌ,MURAMATSU,,,,,,,,,,,,,
NIG016,›”‘,TERADOMARI,,,,,,,,,,,,,
NIG017,’·‰,NAGAOKA,,,,,,,,,,,,,
NIG018,”θ,KASHIWAZAKI,,,,,,,,,,,,,
NIG019,¬η’J,OJIYA,,,,,,,,,,,,,
NIG020,¬o,KOIDE,,,,,,,,,,,,,
NIG021,\“ϊ’¬,TOKAMACHI,,,,,,,,,,,,,
NIG022,‰–‘ς,SHIOZAWA,,,,,,,,,,,,,
NIG023,’Γ“μ,TSUNAN,,,,,,,,,,,,,
NIG024,ΐ’Λ,YASUZUKA,,,,,,,,,,,,,
NIG025,’Ό]’Γ,NAOETSU,,,,,,,,,,,,,
NIG026,Vδ,ARAI,,,,,,,,,,,,,
NIG027,…‹›μ,ITOIGAWA,,,,,,,,,,,,,
NIG028,’·‰x,NAGAOKA-SHISHO,,,,,,,,,,,,,
OIT001,‘©,KUNIMI,,,,,,,,,,,,,
OIT002,’†’Γ,NAKATSU,,,,,,,,,,,,,
OIT003,–Lγ‚“c,BUNGOTAKADA,,,,,,,,,,,,,
OIT004,‘“,KUNISAKI,,,,,,,,,,,,,
OIT005,–λ”nk,YABAKEI,,,,,,,,,,,,,
OIT006,‰@“ΰ,INNAI,,,,,,,,,,,,,
OIT007,‹n’z,KITSUKI,,,,,,,,,,,,,
OIT008,“V£,AMAGASE,,,,,,,,,,,,,
OIT009,“’•z‰@,YUFUIN,,,,,,,,,,,,,
OIT010,‘ε•,OHITA,,,,,,,,,,,,,
OIT011,²‰κΦ,SAGANOSEKI,,,,,,,,,,,,,
OIT012,’Ό“ό,NAOIRI,,,,,,,,,,,,,
OIT013,Ά”,INUKAI,,,,,,,,,,,,,
OIT014,’Γ‹v©,TSUKUMI,,,,,,,,,,,,,
OIT015,’|“c,TAKEDA,,,,,,,,,,,,,
OIT016,²”,SAIKI,,,,,,,,,,,,,
OIT017,‰F–Ϊ,UME,,,,,,,,,,,,,
OIT018,—],KAMAE,,,,,,,,,,,,,
OKN001,‘“,KUNIGAMI,,,,,,,,,,,,,
OKN002,–Όμ,NAGO,,,,,,,,,,,,,
OKN003,‹οuμ,GUSHIKAWA,,,,,,,,,,,,,
OKN004,“ί”e,NAHA,,,,,,,,,,,,,
OKN005,’m”O,CHINEN,,,,,,,,,,,,,
OKN006,‹v•Δ“‡,KUMEJIMA,,,,,,,,,,,,,
OKN007,λ–“,KARIMATA,,,,,,,,,,,,,
OKN008,ι•Σ,GUSUKUBE,,,,,,,,,,,,,
OKN009,V‰h,SHINEI,,,,,,,,,,,,,
OKN010,Ι΄Τ,IBARUMA,,,,,,,,,,,,,
OKN011,γ΄,UEHARA,,,,,,,,,,,,,
OKY001,“’΄,YUBARA,,,,,,,,,,,,,
OKY002,‰Α–Ξ,KAMO,,,,,,,,,,,,,
OKY003,ΌΎ‘q,NISHIAWAKURA,,,,,,,,,,,,,
OKY004,V©,NIIMI,,,,,,,,,,,,,
OKY005,—‡,OCHIAI,,,,,,,,,,,,,
OKY006,’ΓR,TSUYAMA,,,,,,,,,,,,,
OKY007,‚—ΐ,TAKAHASHI,,,,,,,,,,,,,
OKY008,•”,TAKEBE,,,,,,,,,,,,,
OKY009,‹gδ,YOSHII,,,,,,,,,,,,,
OKY010,”υ‘O,BIZEN,,,,,,,,,,,,,
OKY011,‰R,OKAYAMA,,,,,,,,,,,,,
OKY012,‘q•~,KURASHIKI,,,,,,,,,,,,,
OKY013,}‰,KASAOKA,,,,,,,,,,,,,
OKY014,‰Ί’Γδ,SHIMOTSUI,,,,,,,,,,,,,
OKY015,γΦ΄,KAMISAIBARA,,,,,,,,,,,,,
OSK001,”\¨,NOSE,,,,,,,,,,,,,
OSK002,‚’Ξ,TAKATSUKI,,,,,,,,,,,,,
OSK003,–L’†,TOYONAKA,,,,,,,,,,,,,
OSK004,l“λ,SHIJONAWATE,,,,,,,,,,,,,
OSK005,‘εγ,OHSAKA,,,,,,,,,,,,,
OSK006,δ,SAKAI,,,,,,,,,,,,,
OSK007,‰H‰g–μ,HABIKINO,,,,,,,,,,,,,
OSK008,έa“c,KISHIWADA,,,,,,,,,,,,,
OSK009,‰Ν“ΰ’·–μ,KAWACHINAGANO,,,,,,,,,,,,,
OSK010,ς“μ,SENNAN,,,,,,,,,,,,,
SAG001,’ΑΌ,CHINZEI,,,,,,,,,,,,,
SAG002,“‚’Γ,KARATSU,,,,,,,,,,,,,
SAG003,•xm,FUJI,,,,,,,,,,,,,
SAG004,Ι–—Ά,IMARI,,,,,,,,,,,,,
SAG005,µ–Ψ,KYURAGI,,,,,,,,,,,,,
SAG006,•—Y,TAKEO,,,,,,,,,,,,,
SAG007,²‰κ,SAGA,,,,,,,,,,,,,
SAG008,­“‡,KASHIMA,,,,,,,,,,,,,
SIG001,—]ΰ,YOGO,,,,,,,,,,,,,
SIG002,΅’Γ,IMAZU,,,,,,,,,,,,,
SIG003,’·•l,NAGAHAMA,,,,,,,,,,,,,
SIG004,‹€–Ψ,KUTSUKI,,,,,,,,,,,,,
SIG005,•F,HIKONE,,,,,,,,,,,,,
SIG006,u‰κ,SHIGA,,,,,,,,,,,,,
SIG007,‹ί]””¦,OMIHACHIMAN,,,,,,,,,,,,,
SIG008,‰iΉ›,EIGENJI,,,,,,,,,,,,,
SIG009,bΌ,KOSEI,,,,,,,,,,,,,
SIG010,‘ε’Γ,OHTSU,,,,,,,,,,,,,
SIG011,My,SHIGARAKI,,,,,,,,,,,,,
SIG012,b‰κ,KOGA,,,,,,,,,,,,,
SIT001,–{―,HONJO,,,,,,,,,,,,,
SIT002,F’J,KUMAGAYA,,,,,,,,,,,,,
SIT003,‹vμ,KUKI,,,,,,,,,,,,,
SIT004,’·“,NAGATORO,,,,,,,,,,,,,
SIT005,¬μ,OGAWA,,,,,,,,,,,,,
SIT006,’•ƒ,CHICHIBU,,,,,,,,,,,,,
SIT007,“ΌR,HIGASHIMATSUYAMA,,,,,,,,,,,,,
SIT008,t“ϊ•”,KASUKABE,,,,,,,,,,,,,
SIT009,μ‰z,KAWAGOE,,,,,,,,,,,,,
SIT010,‘ε‹{,OHMIYA,,,,,,,,,,,,,
SIT011,μϋ,KAWAGUCHI,,,,,,,,,,,,,
SIT012,”Ρ”\,HANNO,,,,,,,,,,,,,
SIT013,‘ς,TOKOROZAWA,,,,,,,,,,,,,
SIT014,’†’Γμ,NAKATSUGAWA,,,,,,,,,,,,,
SMN001,”ό•ΫΦ,MIHONOSEKI,,,,,,,,,,,,,
SMN002,Ό],MATSUE,,,,,,,,,,,,,
SMN003,‰΅“c,YOKOTA,,,,,,,,,,,,,
SMN004,–Ψ,KISUKI,,,,,,,,,,,,,
SMN005,o‰_,IZUMO,,,,,,,,,,,,,
SMN006,‘ε“c,OHTA,,,,,,,,,,,,,
SMN007,—W’q,OCHI,,,,,,,,,,,,,
SMN008,•δ,MIZUHO,,,,,,,,,,,,,
SMN009,]’Γ,GOTSU,,,,,,,,,,,,,
SMN010,•l“c,HAMADA,,,,,,,,,,,,,
SMN011,•C©,HIKIMI,,,,,,,,,,,,,
SMN012,Z“ϊs,MUIKAICHI,,,,,,,,,,,,,
SMN013,‰v“c,MASUDA,,,,,,,,,,,,,
SMN014,’Γa–μ,TSUWANO,,,,,,,,,,,,,
SMN015,L£,HIROSE,,,,,,,,,,,,,
SMN016,|‡,KAKEYA,,,,,,,,,,,,,
SMN017,Όƒm“‡,NISHINOSHIMA,,,,,,,,,,,,,
SMN018,“s–,TSUMA,,,,,,,,,,,,,
SMN019,•z{,FUSE,,,,,,,,,,,,,
SMN020,‰Ί‰F•””φ,SHIMOUBEO,,,,,,,,,,,,,
SZO001,”MC,ATAMI,,,,,,,,,,,,,
SZO002,Ι“,ITO,,,,,,,,,,,,,
SZO003,“Ι“¤,HIGASHIIZU,,,,,,,,,,,,,
SZO004,“μΙ“¤,MINAMIIZU,,,,,,,,,,,,,
SZO005,Όθ,MATSUZAKI,,,,,,,,,,,,,
SZO006,“y”μ,TOI,,,,,,,,,,,,,
SZO007,C‘P›,SHUZENJI,,,,,,,,,,,,,
SZO008,ΐ’Γ,NUMAZU,,,,,,,,,,,,,
SZO009,–μ,SUSONO,,,,,,,,,,,,,
SZO010,δ“aκ,GOTEMBA,,,,,,,,,,,,,
SZO011,•xm‹{,FUJINOMIYA,,,,,,,,,,,,,
SZO012,—΄,KAMBARA,,,,,,,,,,,,,
SZO013,΄…,SHIMIZU,,,,,,,,,,,,,
SZO014,Γ‰,SHIZUOKA,,,,,,,,,,,,,
SZO015,”~ƒ–“‡,UMEGASHIMA,,,,,,,,,,,,,
SZO016,Δ’Γ,YAIZU,,,,,,,,,,,,,
SZO017,•l‰,HAMAOKA,,,,,,,,,,,,,
SZO018,Y΄,HAIBARA,,,,,,,,,,,,,
SZO019,|μ,KAKEGAWA,,,,,,,,,,,,,
SZO020,μ,KAWANE,,,,,,,,,,,,,
SZO021,–{μ,HONKAWANE,,,,,,,,,,,,,
SZO022,²‹vΤ,SAKUMA,,,,,,,,,,,,,
SZO023,“V—³,TENRYU,,,,,,,,,,,,,
SZO024,•lΌ,HAMAMATSU,,,,,,,,,,,,,
SZO025,ΞΌ,KOSAI,,,,,,,,,,,,,
SZO026,t–μ,HARUNO,,,,,,,,,,,,,
SZO027,ΌΙ“¤,NISHIIZU,,,,,,,,,,,,,
SZO028,μ“ή,KAWANA,,,,,,,,,,,,,
TCG001,•ι,KUROISO,,,,,,,,,,,,,
TCG002,‰–΄,SHIOBARA,,,,,,,,,,,,,
TCG003,“΅΄,FUJIWARA,,,,,,,,,,,,,
TCG004,“’³,YUMOTO,,,,,,,,,,,,,
TCG005,–ξ”Β,YAITA,,,,,,,,,,,,,
TCG006,¬μ,OGAWA,,,,,,,,,,,,,
TCG007,‰F“s‹{,UTSUNOMIYA,,,,,,,,,,,,,
TCG008,­ΐ,KANUMA,,,,,,,,,,,,,
TCG009,΅s,IMAICHI,,,,,,,,,,,,,
TCG010,‘«”φ,ASHIO,,,,,,,,,,,,,
TCG011,‹¶,KUZUU,,,,,,,,,,,,,
TCG012,¬R,OYAMA,,,,,,,,,,,,,
TCG013,^‰,MOKA,,,,,,,,,,,,,
TCG014,–Ξ–Ψ,MOTEGI,,,,,,,,,,,,,
TCG015,‹Ϊΐ,SERINUMA,,,,,,,,,,,,,
TCG016,–k‚‰,KITATAKAOKA,,,,,,,,,,,,,
TKS001,–Β–ε,NARUTO,,,,,,,,,,,,,
TKS002,“Ώ“‡,TOKUSHIMA,,,,,,,,,,,,,
TKS003,Ά“μ,ANAN,,,,,,,,,,,,,
TKS004,—Rς,YUKI,,,,,,,,,,,,,
TKS005,γ,KAMIKATSU,,,,,,,,,,,,,
TKS006,–΄ς,MUGI,,,,,,,,,,,,,
TKS007,sκ,ICHIBA,,,,,,,,,,,,,
TKS008,–Ψ‰®•½,KOYADAIRA,,,,,,,,,,,,,
TKS009,–Ψ“,KITO,,,,,,,,,,,,,
TKS010,’ευ,SADAMITSU,,,,,,,,,,,,,
TKS011,“‘c’JR,HIGASHIIYAYAMA,,,,,,,,,,,,,
TKS012,’r“c,IKEDA,,,,,,,,,,,,,
TKY001,•Xμ,HIKAWA,,,,,,,,,,,,,
TKY002,•O΄,HINOHARA,,,,,,,,,,,,,
TKY003,Β”~,OUME,,,,,,,,,,,,,
TKY004,”‰¤q,HACHIOJI,,,,,,,,,,,,,
TKY005,’¬“c,MACHIDA,,,,,,,,,,,,,
TKY006,¬‹ΰδ,KOGANEI,,,,,,,,,,,,,
TKY007,Vh,SHINJUKU,,,,,,,,,,,,,
TKY008,‰“c,OKADA,,,,,,,,,,,,,
TKY009,”g•‚`,HABUMINATO,,,,,,,,,,,,,
TKY010,V“‡,NIIJIMA,,,,,,,,,,,,,
TKY011,_’…,KAMITSUKI,,,,,,,,,,,,,
TKY012,”δ,HACHIJO,,,,,,,,,,,,,
TKY013,»’¬,SUNAMACHI,,,,,,,,,,,,,
TKY014,‹TΛ,KAMEIDO,,,,,,,,,,,,,
TKY015,“”’ιΆ,HIGASHISHIRAHIGE,,,,,,,,,,,,,
TKY016,“‰_,SHINONOME,,,,,,,,,,,,,
TKY017,’C–¤,TATSUMI,,,,,,,,,,,,,
TKY018,”},HACHIEDA,,,,,,,,,,,,,
TKY019,–LF,TOYOSU,,,,,,,,,,,,,
TKY020,‰–•l,SHIOHAMA,,,,,,,,,,,,,
TKY021,‰],SARUE,,,,,,,,,,,,,
TKY022,‰΅–Τ,YOKOAMI,,,,,,,,,,,,,
TKY023,”L,YAHIRO,,,,,,,,,,,,,
TKY024,‰Λ,OKUDO,,,,,,,,,,,,,
TKY025,Βθ,SHINOZAKI,,,,,,,,,,,,,
TKY026,‰Fμ“c,UKITA,,,,,,,,,,,,,
TKY027,],MIZUE,,,,,,,,,,,,,
TKY028,‰z’†“‡,ECCHUJIMA,,,,,,,,,,,,,
TKY029,O‘ξ,MIYAKE,,,,,,,,,,,,,
TTR001,αχ,WAKASA,,,,,,,,,,,,,
TTR002,’Ήζ,TOTTORI,,,,,,,,,,,,,
TTR003,—p£,MOCHIGASE,,,,,,,,,,,,,
TTR004,­–μ,SHIKANO,,,,,,,,,,,,,
TTR005,‘q‹g,KURAYOSHI,,,,,,,,,,,,,
TTR006,Τκ,AKASAKI,,,,,,,,,,,,,
TTR007,]•{,KOFU,,,,,,,,,,,,,
TTR008,•Δq,YONAGO,,,,,,,,,,,,,
TTR009,“ϊ“μ,NICHINAN,,,,,,,,,,,,,
TYM001,‹«,SAKAI,,,,,,,,,,,,,
TYM002,•X©,HIMI,,,,,,,,,,,,,
TYM003,‹›’Γ,UOZU,,,,,,,,,,,,,
TYM004,‰F“ή,UNAZUKI,,,,,,,,,,,,,
TYM005,V–©,SHINMINATO,,,,,,,,,,,,,
TYM006,¬–ξ•”,OYABE,,,,,,,,,,,,,
TYM007,•xR,TOYAMA,,,,,,,,,,,,,
TYM008,‘εR,OHYAMA,,,,,,,,,,,,,
TYM009,””φ,YATSUO,,,,,,,,,,,,,
TYM010,•υ,FUKUMITSU,,,,,,,,,,,,,
TYM011,°•Ω,ASHIKURA,,,,,,,,,,,,,
TYM012,—‰κ,TOGA,,,,,,,,,,,,,
WKY001,a‰ΜR,WAKAYAMA,,,,,,,,,,,,,
WKY002,“ί‰κ,NAGA,,,,,,,,,,,,,
WKY003,—L“c,ARIDA,,,,,,,,,,,,,
WKY004,΄…,SHIMIZU,,,,,,,,,,,,,
WKY005,—΄_,RYUJIN,,,,,,,,,,,,,
WKY006,δ–V,GOBO,,,,,,,,,,,,,
WKY007,–{‹{,HONGU,,,,,,,,,,,,,
WKY008,“c•Σ,TANABE,,,,,,,,,,,,,
WKY009,V‹{,SHINGU,,,,,,,,,,,,,
WKY010,‚·‚³‚έ,SUSAMI,,,,,,,,,,,,,
WKY011,‘Ύ’n,TAIJI,,,,,,,,,,,,,
WKY012,‹ψ–{,KUSHIMOTO,,,,,,,,,,,,,
WKY013,‚–μ,KOYA,,,,,,,,,,,,,
WKY014,–Ψη,KOMORI,,,,,,,,,,,,,
YMG001,{²,SUSA,,,,,,,,,,,,,
YMG002,”‹,HAGI,,,,,,,,,,,,,
YMG003,¶‰_’†,IKUMONAKA,,,,,,,,,,,,,
YMG004,’·–ε,NAGATO,,,,,,,,,,,,,
YMG005,–L–k,HOHOKU,,,,,,,,,,,,,
YMG006,–L‰Y,TOYOURA,,,,,,,,,,,,,
YMG007,”ό”I,MINE,,,,,,,,,,,,,
YMG008,Rϋ,YAMAGUCHI,,,,,,,,,,,,,
YMG009,­–μ,KANO,,,,,,,,,,,,,
YMG010,”όμ,MIKAWA,,,,,,,,,,,,,
YMG011,‰ΊΦ,SHIMONOSEKI,,,,,,,,,,,,,
YMG012,‰F•”,UBE,,,,,,,,,,,,,
YMG013,–h•{,HOFU,,,,,,,,,,,,,
YMG014,“ΏR,TOKUYAMA,,,,,,,,,,,,,
YMG015,‹θ‰Ο,KUGA,,,,,,,,,,,,,
YMG016,β‘,IWAKUNI,,,,,,,,,,,,,
YMG017,–φδ,YANAI,,,,,,,,,,,,,
YMG018,“a,TOWA,,,,,,,,,,,,,
YMG019,γΦ,KAMINOSEKI,,,,,,,,,,,,,
YMN001,’O”gR,TABAYAMA,,,,,,,,,,,,,
YMN002,‘ε,OHTSUKI,,,,,,,,,,,,,
YMN003,•xm‹g“c,FUJIYOSHIDA,,,,,,,,,,,,,
YMN004,‰–R,ENZAN,,,,,,,,,,,,,
YMN005,b•{,KOFU,,,,,,,,,,,,,
YMN006,–{²,MOTOSU,,,,,,,,,,,,,
YMN007,“μ•”,NAMBU,,,,,,,,,,,,,
YMN008,‘μ,HAYAKAWA,,,,,,,,,,,,,
YMN009,Z‹½,ROKUGO,,,,,,,,,,,,,
YMN010,{‹Κ,SUTAMA,,,,,,,,,,,,,
YMN011,°ΐ,ASHIYASU,,,,,,,,,,,,,
YMT001,π“c,SAKATA,,,,,,,,,,,,,
YMT002,V―,SHINJO,,,,,,,,,,,,,
YMT003,’ί‰,TSURUOKA,,,,,,,,,,,,,
YMT004,‰·C,ATSUMI,,,,,,,,,,,,,
YMT005,•Iά,HIJIORI,,,,,,,,,,,,,
YMT006,”φ‰Τ‘ς,OBANAZAWA,,,,,,,,,,,,,
YMT007,“,HIGASHINE,,,,,,,,,,,,,
YMT008,’†‘Ί,NAKAMURA,,,,,,,,,,,,,
YMT009,¦‰Ν],SAGAE,,,,,,,,,,,,,
YMT010,R`,YAMAGATA,,,,,,,,,,,,,
YMT011,γR,KAMINOYAMA,,,,,,,,,,,,,
YMT012,’·δ,NAGAI,,,,,,,,,,,,,
YMT013,¬‘,OGUNI,,,,,,,,,,,,,
YMT014,‰Ί‰®’n,SHIMOYACHI,,,,,,,,,,,,,
YMT015,•Δ‘ς,YONEZAWA,,,,,,,,,,,,,
YMT016,΄μ,KIYOKAWA,,,,,,,,,,,,,
YMT017,V―x,SHINJO-SHISHO,,,,,,,,,,,,,
ABSH01,—Y•,OMU,,,,,,,,,,,,N.OUMH,2000/8/14
ABSH02,‹»•”Ό,OKOPPE-W,,,,,,,,,,,,N.OPWH,2000/8/14
ABSH03,‹»•”“,OKOPPE-E,,,,,,,,,,,,N.OPEH,2000/8/14
ABSH04,‘κγ–k,TAKINOUE-N,,,,,,,,,,,,N.TUNH,2000/8/14
ABSH05,‘κγ“μ,TAKINOUE-S,,,,,,,,,,,,N.TUSH,2000/8/14
ABSH06,—N•Κ–k,YUBETSU-N,,,,,,,,,,,,N.YBNH,2000/9/6
ABSH07,”’‘κ,SHIRATAKI,,,,,,,,,,,,N.STKH,2000/8/14
ABSH08,Ξ—Ά–k,SHARI-N,,,,,,,,,,,,N.SYNH,2000/8/14
ABSH09,Ξ—Ά“μ,SHARI-S,,,,,,,,,,,,N.SYSH,2000/8/14
ABSH10,²CΤ,SAROMA,,,,,,,,,,,,N.SRMH,2000/8/14
ABSH11,—–•Κ,MEMAMBETSU,,,,,,,,,,,,N.MMBH,2000/8/14
ABSH12,¬΄…,KOSHIMIZU,,,,,,,,,,,,N.KMZH,2000/8/14
ABSH13,—―•ΣεA,RUBESHIBE,,,,,,,,,,,,N.RBSH,2000/8/14
ABSH14,”ό–y,BIHORO,,,,,,,,,,,,N.BHRH,2000/8/14
ABSH15,’uΛ“,OKETO-E,,,,,,,,,,,,N.OKEH,2000/8/14
AICH04,ΐι,ANJO,,,,,,,,,,,,N.ANJH,2000/8/14
AICH05,ν,TOKONAME,,,,,,,,,,,,N.TKNH,2000/8/14
AICH06,­”ό,ATSUMI,,,,,,,,,,,,N.ATMH,2000/8/14
AICH07,®,ASAHI,,,,,,,,,,,,N.ASHH,2000/8/14
AICH08,z“c,NUKATA,,,,,,,,,,,,N.NUKH,2000/8/14
AICH09,–L‹΄,TOYOHASHI,,,,,,,,,,,,N.TYHH,2000/8/14
AICH10,–P—,HORAI,,,,,,,,,,,,N.HOUH,2000/8/14
AICH11,t“ϊδ,KASUGAI,,,,,,,,,,,,N.KGIH,2000/8/14
AICH12,”¦“¤,HAZU,,,,,,,,,,,,N.HAZH,2000/8/14
AICH13,΄F,KIYOSU,,,,,,,,,,,,N.KYSH,2001/5/29
AICH14,’·‹vθ,NAGAKUTE,,,,,,,,,,,,N.NGKH,2003/2/1
AICH15,‘«•,ASUKE,,,,,,,,,,,,N.ASUH,2003/3/1
AICH16,έy,SHITARA,,,,,,,,,,,,N.STRH,2003/2/1
AICH17,–L,TOYONE,,,,,,,,,,,,N.TYEH,2003/2/11
AICH18,‰θ,OKAZAKI,,,,,,,,,,,,N.OKZH,2003/2/1
AICH19,μθ,TSUKUDE,,,,,,,,,,,,N.TDEH,2003/1/29
AICH20,Vι,SHINSHIRO,,,,,,,,,,,,N.SSRH,2003/2/1
AICH21,“μ’m‘½,MINAMICHITA,,,,,,,,,,,,N.MCTH,2003/1/30
AICH22,–L‹΄–k,TOYOHASHI-N,,,,,,,,,,,,N.THNH,2003/2/4
AICH23,ν2,TOKONAME2,,,,,,,,,,,,N.TK2H,2015/3/10
AKTH01,Ό–Ψ–k,NISHIKI-N,,,,,,,,,,,,N.NSNH,2000/8/14
AKTH02,Ό–Ψ“μ,NISHIKI-S,,,,,,,,,,,,N.NSSH,2000/8/14
AKTH03,–ξ“‡,YAJIMA,,,,,,,,,,,,N.YJMH,2000/8/14
AKTH04,“¬£,HIGASHINARUSE,,,,,,,,,,,,N.HNRH,2000/8/14
AKTH05,’ΉC,CHOKAI,,,,,,,,,,,,N.CHKH,2000/8/14
AKTH06,—Y,OGACHI,,,,,,,,,,,,N.OGCH,2000/8/14
AKTH07,¬β,KOSAKA,,,,,,,,,,,,N.KOSH,2000/8/14
AKTH08,“΅—Ά,FUJISATO,,,,,,,,,,,,N.FSTH,2000/8/14
AKTH09,“c‘γ,TASHIRO,,,,,,,,,,,,N.TSRH,2000/8/14
AKTH10,‘εΩ,ODATE,,,,,,,,,,,,N.ODTH,2000/8/14
AKTH11,’j­,OGA,,,,,,,,,,,,N.OGAH,2000/8/14
AKTH12,άι–Ϊ,GOJOME,,,,,,,,,,,,N.GJOH,2000/8/14
AKTH13,Άm,ANI,,,,,,,,,,,,N.ANIH,2000/8/14
AKTH14,­p,KAZUNO,,,,,,,,,,,,N.KZNH,2000/8/14
AKTH15,‹¦a,KYOWA,,,,,,,,,,,,N.KWAH,2000/8/14
AKTH16,Όε–k,NISHISEMBOKU,,,,,,,,,,,,N.NSBH,2000/8/14
AKTH17,’†ε,NAKASEN,,,,,,,,,,,,N.NSEH,2000/8/14
AKTH18,‘εX,OMORI,,,,,,,,,,,,N.OMRH,2000/8/14
AKTH19,“’‘ς,YUZAWA,,,,,,,,,,,,N.YUZH,2000/8/14
AOMH01,‘εΤ,OMA,,,,,,,,,,,,N.OOMH,2000/8/14
AOMH02,²δ,SAI,,,,,,,,,,,,N.SAIH,2000/8/14
AOMH03,μ“ΰ,KAWAUCHI,,,,,,,,,,,,N.KUCH,2000/8/14
AOMH04,ΒX,AOMORI,,,,,,,,,,,,N.AOMH,2000/8/14
AOMH05,–μ•Σ’n,NOHEJI,,,,,,,,,,,,N.NHJH,2000/8/14
AOMH06,Zƒ–,ROKKASHO,,,,,,,,,,,,N.RKSH,2000/8/14
AOMH07,[‰Y,FUKAURA,,,,,,,,,,,,N.FKUH,2000/8/14
AOMH08,ιΛƒ–‘ς,AJIGASAWA,,,,,,,,,,,,N.AJSH,2000/8/14
AOMH09,β–Ψ,IWAKI,,,,,,,,,,,,N.IKIH,2000/8/14
AOMH10,•Ξ,KUROISHI,,,,,,,,,,,,N.KRIH,2000/8/14
AOMH11,\a“cΞΌ,TOWADAKO-W,,,,,,,,,,,,N.TWWH,2000/8/14
AOMH12,\a“cΞ“,TOWADAKO-E,,,,,,,,,,,,N.TWEH,2000/8/14
AOMH13,”Λ,HACHINOHE,,,,,,,,,,,,N.HHEH,2000/8/14
AOMH14,Ό–Ϊ‰®,NISHIMEYA,,,,,,,,,,,,N.NYAH,2000/8/14
AOMH15,‘εk,OWANI,,,,,,,,,,,,N.OWNH,2000/8/14
AOMH16,V‹½,SHINGO,,,,,,,,,,,,N.SHGH,2000/8/14
AOMH17,–Όμ,NAGAWA,,,,,,,,,,,,N.NWAH,2000/8/14
AOMH18,“cq,TATSUKO,,,,,,,,,,,,N.TTKH,2000/8/14
CHBH04,‰Ί‘,SHIMOSA,,,,,,,,,,,,N.SHMH,2003/4/4
CHBH06,‘xΊ,SOSA,,,,,,,,,,,,N.SSAH,2013/2/25
CHBH10,η—t,CHIBA,,,,,,,,,,,,N.CBAH,2003/3/5
CHBH11,—{V,YORO,,,,,,,,,,,,N.YROH,2003/3/5
CHBH12,•x’Γ,FUTTSU,,,,,,,,,,,,N.FUTH,2003/1/1
CHBH13,¬“c,NARITA,,,,,,,,,,,,N.NRTH,2002/12/1
CHBH14,’¶q’†,CHOSHI-C,,,,,,,,,,,,N.CH2H,2003/3/14
CHBH15,ΩRΌ,TATEYAMA-W,,,,,,,,,,,,N.TY2H,2003/3/11
CHBH16,›μ,KAMOGAWA,,,,,,,,,,,,N.KMWH,2003/9/1
CHBH17,‰Y“,KATSURA-E,,,,,,,,,,,,N.KT2H,2004/5/11
CHBH19,@ΐ,HASUNUMA,,,,,,,,,,,,N.HSNH,2006/11/30
CHBH20,›μ“μ,KAMOGAWA-S,,,,,,,,,,,,N.KMSH,2008/7/24
EHMH01,’Γ“‡,TSUSHIMA,,,,,,,,,,,,N.TSMH,2000/8/14
EHMH02,Όπ,SAIJO,,,,,,,,,,,,N.SJOH,2000/8/14
EHMH03,V‹{,SHINGU,,,,,,,,,,,,N.SINH,2000/8/14
EHMH04,’O΄,TAMBARA,,,,,,,,,,,,N.TBRH,2000/8/14
EHMH05,“u•”,TOBE,,,,,,,,,,,,N.TBEH,2000/8/14
EHMH06,“ϊ‹g,HIYOSHI,,,,,,,,,,,,N.HIYH,2000/8/14
EHMH07,‰Ν•Σ,KAWABE,,,,,,,,,,,,N.KWBH,2000/8/14
EHMH08,–φ’J,YANADANI,,,,,,,,,,,,N.YNDH,2000/9/1
EHMH09,Ι•ϋ,IKATA,,,,,,,,,,,,N.IKTH,2000/11/1
EHMH10,‹{E,MIYAKUBO,,,,,,,,,,,,N.MYKH,2002/3/1
EHMH11,‘εF,OHZU,,,,,,,,,,,,N.OOZH,2002/3/11
EHMH12,‰Fa,UWA,,,,,,,,,,,,N.UWAH,2002/3/12
EHMH13,Oθ,MISAKI,,,,,,,,,,,,N.MISH,2004/2/27
FKIH01,‰i•½›,EIHEIJI,,,,,,,,,,,,N.EIHH,2000/8/14
FKIH02,D“c,OTA,,,,,,,,,,,,N.OTAH,2000/8/14
FKIH03,aς,IZUMI,,,,,,,,,,,,N.IZUH,2000/8/14
FKIH04,O•ϋ,MIKATA,,,,,,,,,,,,N.MIKH,2000/8/14
FKIH05,“Φ‰κ,TSURUGA,,,,,,,,,,,,N.TRGH,2000/8/14
FKIH06,‚•l,TAKAHAMA,,,,,,,,,,,,N.TKHH,2000/8/14
FKIH07,¬•l,OBAMA,,,,,,,,,,,,N.OBMH,2000/8/14
FKOH01,–k‹γB,KITAKYUSHU,,,,,,,,,,,,N.KKYH,2000/8/14
FKOH02,α‹{,WAKAMIYA,,,,,,,,,,,,N.WKMH,2000/8/14
FKOH03,‰F”ό,UMI,,,,,,,,,,,,N.UMIH,2000/8/14
FKOH04,‰Γ•δ,KAHO,,,,,,,,,,,,N.KAHH,2000/8/14
FKOH05,μ,SAIGAWA,,,,,,,,,,,,N.SGWH,2000/8/14
FKOH06,–L‘O,BUZEN,,,,,,,,,,,,N.BZNH,2000/8/14
FKOH07,‘ε“τ,TACHIARAI,,,,,,,,,,,,N.TARH,2000/8/14
FKOH08,¬Ξ΄,KOISHIWARA,,,,,,,,,,,,N.KIWH,2000/8/14
FKOH09,ΊC,GENKAI,,,,,,,,,,,,N.GENH,2000/8/14
FKOH10,•‚‰H,UKIHA,,,,,,,,,,,,N.UKHH,2002/3/27
FKSH01,Ό‰ο’Γ,NISHIAIZU,,,,,,,,,,,,N.NAZH,2000/8/14
FKSH02,”M‰–‰Α”[,ATSUSHIOKANO,,,,,,,,,,,,N.ATKH,2000/8/14
FKSH03,‚‹½,TAKASATO,,,,,,,,,,,,N.TSTH,2000/8/14
FKSH04,‰ο’Γ‚“c,AIZUTAKADA,,,,,,,,,,,,N.ATDH,2000/8/14
FKSH05,‰Ί‹½,SHIMOGO,,,,,,,,,,,,N.SMGH,2000/8/14
FKSH06,Ι“μ,INA,,,,,,,,,,,,N.INAH,2000/8/14
FKSH07,w}ς,HINOEMATA,,,,,,,,,,,,N.HMTH,2000/8/14
FKSH08,’·ΐ,NAGANUMA,,,,,,,,,,,,N.NNMH,2000/8/14
FKSH09,SR,KORIYAMA,,,,,,,,,,,,N.KRYH,2000/8/14
FKSH10,Ό‹½,NISHIGO,,,,,,,,,,,,N.NGUH,2000/8/14
FKSH11,–ξ,YABUKI,,,,,,,,,,,,N.YBKH,2000/8/14
FKSH12,•½“c,HIRATA,,,,,,,,,,,,N.HTAH,2000/8/14
FKSH13,‚Ά‚ν‚«Ό,IWAKI-W,,,,,,,,,,,,N.IWWH,2000/8/14
FKSH14,‚Ά‚ν‚«“,IWAKI-E,,,,,,,,,,,,N.IWEH,2000/8/14
FKSH15,’–•c‘γ,INAWASHIRO,,,,,,,,,,,,N.INWH,2000/8/14
FKSH16,•“‡,FUKUSHIMA,,,,,,,,,,,,N.FKSH,2000/8/14
FKSH17,μ–“,KAWAMATA,,,,,,,,,,,,N.KMAH,2000/8/14
FKSH18,Ot,MIHARU,,,,,,,,,,,,N.MRUH,2000/8/14
FKSH19,“sH,MIYAKOJI,,,,,,,,,,,,N.MKJH,2000/8/14
FKSH20,Q],NAMIE,,,,,,,,,,,,N.NMEH,2000/8/14
FKSH21,‘ό©,TADAMI,,,,,,,,,,,,N.TDMH,2000/8/14
GIFH03,”φ,NEO,,,,,,,,,,,,N.NEOH,2000/8/14
GIFH04,Γμ,FURUKAWA,,,,,,,,,,,,N.FRKH,2000/8/14
GIFH05,‘‘μ,SHOKAWA,,,,,,,,,,,,N.SYKH,2000/8/14
GIFH06,‚•x,TAKATOMI,,,,,,,,,,,,N.TKTH,2000/8/14
GIFH07,t“ϊ,KASUGA,,,,,,,,,,,,N.KSGH,2000/8/14
GIFH08,‘εa,YAMATO,,,,,,,,,,,,N.YMTH,2000/8/14
GIFH09,‰H“‡,HASHIMA,,,,,,,,,,,,N.HMAH,2000/8/14
GIFH10,_‰,KAMIOKA,,,,,,,,,,,,N.KOKH,2001/5/19
GIFH11,”•S’Γ,YAOTSU,,,,,,,,,,,,N.YOTH,2001/1/1
GIFH12,β“ΰ,SAKAUCHI,,,,,,,,,,,,N.SKUH,2002/4/11
GIFH13,”’μ,SHIRAKAWA,,,,,,,,,,,,N.SRWH,2002/12/10
GIFH14,γ•σ,KAMITAKARA,,,,,,,,,,,,N.KTRH,2002/12/13
GIFH15,‚R,TAKAYAMA,,,,,,,,,,,,N.TMAH,2002/12/10
GIFH16,’©“ϊ–k,ASAHI-N,,,,,,,,,,,,N.ASNH,2002/12/17
GIFH17,‚h,TAKASU,,,,,,,,,,,,N.TSUH,2002/12/13
GIFH18,”n£,MAZE,,,,,,,,,,,,N.MZEH,2002/12/25
GIFH19,’©“ϊ“μ,ASAHI-S,,,,,,,,,,,,N.ASSH,2002/12/20
GIFH20,‰ΊC–k,GERO-N,,,,,,,,,,,,N.GR2H,2002/12/1
GIFH21,”ό•ΐ,MINAMI,,,,,,,,,,,,N.MNMH,2002/12/17
GIFH22,‹ΰR,KANAYAMA,,,,,,,,,,,,N.KAYH,2002/12/21
GIFH23,”Βζ,ITADORI,,,,,,,,,,,,N.ITDH,2003/1/24
GIFH24,“”’μ,HIGASHISHIRAKAWA,,,,,,,,,,,,N.HSKH,2002/12/25
GIFH25,’J‹‚,TANIGUMI,,,,,,,,,,,,N.TNMH,2003/1/21
GIFH26,e–±΄,KAKAMIGAHARA,,,,,,,,,,,,N.KMHH,2003/1/25
GIFH27,”ό”Z‰Α–Ξ,MINOKAMO,,,,,,,,,,,,N.MKMH,2003/3/7
GIFH28,’†’Γμ,NAKATSUGAWA,,,,,,,,,,,,N.NTGH,2003/3/19
GIFH29,γΞ’Γ,KAMIISHIZU,,,,,,,,,,,,N.KIDH,2003/1/22
GNMH05,Ι¨θ,ISESAKI,,,,,,,,,,,,N.ISSH,2003/2/1
GNMH06,Ω—Ρ,TATEBAYASHI,,,,,,,,,,,,N.TBYH,2000/8/14
GNMH07,—,TONE,,,,,,,,,,,,N.TNEH,2000/8/14
GNMH08,’Ϊ—φ,TSUMAGOI,,,,,,,,,,,,N.TUMH,2000/8/14
GNMH09,‚R,TAKAYAMA,,,,,,,,,,,,N.TAYH,2000/8/14
GNMH10,‰Ίm“c,SHIMONITA,,,,,,,,,,,,N.SMNH,2000/8/14
GNMH11,•x‰,TOMIOKA,,,,,,,,,,,,N.TMOH,2000/8/14
GNMH12,_—¬,KANNA,,,,,,,,,,,,N.KNAH,2004/9/14
GNMH13,…γ2,MINAKAMI2,,,,,,,,,,,,N.MN2H,2004/11/27
GNMH14,‚έ‚Η‚θ,MIDORI,,,,,,,,,,,,N.MDRH,2006/11/7
HDKH01,•½ζΌ,BIRATORI-W,,,,,,,,,,,,N.BRWH,2000/8/14
HDKH02,•½ζ“,BIRATORI-E,,,,,,,,,,,,N.BREH,2000/8/14
HDKH03,–ε•Κ“,MOMBETSU-E,,,,,,,,,,,,N.MBEH,2000/8/14
HDKH04,–ε•ΚΌ,MOMBETSU-W,,,,,,,,,,,,N.MBWH,2000/12/1
HDKH05,V¥,NIIKAPPU,,,,,,,,,,,,N.NCPH,2001/5/1
HDKH06,Γ“ΰ,SHIZUNAI,,,,,,,,,,,,N.SZNH,2000/12/1
HDKH07,—l—,SAMANI,,,,,,,,,,,,N.SAMH,2000/12/1
HRSH01,O΄,MIHARA,,,,,,,,,,,,N.MIHH,2000/8/14
HRSH02,‘εa,DAIWA,,,,,,,,,,,,N.DWAH,2000/8/14
HRSH03,δ’²,MITSUGI,,,,,,,,,,,,N.MIGH,2000/8/14
HRSH04,ΐG,NUMAKUMA,,,,,,,,,,,,N.NMKH,2000/8/14
HRSH05,_•Σ,KANNABE,,,,,,,,,,,,N.KNBH,2000/8/14
HRSH06,ϋa,KUCHIWA,,,,,,,,,,,,N.KTWH,2000/8/14
HRSH07,ΰ,KURE,,,,,,,,,,,,N.KURH,2000/8/14
HRSH08,²”,SAIKI,,,,,,,,,,,,N.SKIH,2000/8/14
HRSH09,‹gΙ,KISA,,,,,,,,,,,,N.KSAH,2000/8/14
HRSH10,|–k,GEIHOKU,,,,,,,,,,,,N.GEIH,2000/8/14
HRSH11,_Ξ,JINSEKI,,,,,,,,,,,,N.JNSH,2000/11/1
HRSH12,L“‡,HIROSHIMA,,,,,,,,,,,,N.HRSH,2000/11/1
HRSH13,L“‡“μ,HIROSHIMA-S,,,,,,,,,,,,N.HISH,2002/3/23
HRSH14,‰«”ό,OKIMI,,,,,,,,,,,,N.OKMH,2002/3/20
HRSH15,‘q‹΄,KURAHASHI,,,,,,,,,,,,N.KRHH,2002/4/2
HRSH16,‹g“c,YOSHIDA,,,,,,,,,,,,N.YSHH,2002/3/1
HRSH17,Λ‰Ν“ΰ,TOGOUCHI,,,,,,,,,,,,N.TGUH,2002/4/2
HRSH18,“L“‡,HIGASHIHIROSHIMA,,,,,,,,,,,,N.HHIH,2002/3/1
HYGH01,O΄,MIHARA,,,,,,,,,,,,N.MHRH,2000/8/14
HYGH02,“μυ,NANKOU,,,,,,,,,,,,N.NKOH,2000/8/14
HYGH03,”g‰κ,HAGA,,,,,,,,,,,,N.HAGH,2000/8/14
HYGH04,ΒR,SASAYAMA,,,,,,,,,,,,N.SSYH,2000/8/14
HYGH05,γS,KAMIGORI,,,,,,,,,,,,N.KMGH,2000/8/14
HYGH06,‘¶,AIOI,,,,,,,,,,,,N.AIOH,2000/8/14
HYGH07,–²‘O,YUMESAKI,,,,,,,,,,,,N.YMSH,2000/8/14
HYGH08,‰Α”ό,KAMI,,,,,,,,,,,,N.KAMH,2000/8/14
HYGH09,“π,TOJO,,,,,,,,,,,,N.TJOH,2000/8/14
HYGH10,‰ΑΓμ,KAKOGAWA,,,,,,,,,,,,N.KKGH,2000/8/14
HYGH11,R“,SANTO,,,,,,,,,,,,N.SNTH,2000/8/14
HYGH12,V‹{,SHINGU,,,,,,,,,,,,N.SGUH,2000/8/14
HYGH13,Z,KASUMI,,,,,,,,,,,,N.KSMH,2000/12/4
HYGH14,oΞ,IZUSHI,,,,,,,,,,,,N.IZSH,2000/12/4
HYGH15,‘Ί‰,MURAOKA,,,,,,,,,,,,N.MROH,2002/4/4
HYMH01,–kwR,KITAHIYAMA,,,,,,,,,,,,N.KHYH,2000/12/19
HYMH02,ϊ‘ς•”,ASSABU,,,,,,,,,,,,N.ASBH,2000/12/4
HYMH03,FΞ,KUMAISHI,,,,,,,,,,,,N.KUMH,2000/12/25
IBRH06,–kοι2,KITAIBARAKI2,,,,,,,,,,,,N.KI2H,2013/2/15
IBRH07,]Λθ,EDOSAKI,,,,,,,,,,,,N.EDSH,2002/12/1
IBRH08,‘ε—m,TAIYO,,,,,,,,,,,,N.TYOH,2000/8/14
IBRH09,ν–k,JOHOKU,,,,,,,,,,,,N.JHKH,2000/8/14
IBRH10,Ξ‰Ί,ISHIGE,,,,,,,,,,,,N.ISGH,2000/9/1
IBRH11,β£,IWASE,,,,,,,,,,,,N.IWSH,2000/8/14
IBRH12,‘εq,DAIGO,,,,,,,,,,,,N.DGOH,2003/1/1
IBRH13,‚”‹,TAKAHAGI,,,,,,,,,,,,N.THGH,2003/1/1
IBRH14,\‰¤,JUO,,,,,,,,,,,,N.JUOH,2003/1/29
IBRH15,δ‘OR,GOZENYAMA,,,,,,,,,,,,N.GZNH,2003/1/30
IBRH16,R•ϋ,YAMAGATA,,,,,,,,,,,,N.YMAH,2003/3/26
IBRH17,‰ΰƒ–‰Y,KASUMIGAURA,,,,,,,,,,,,N.KGRH,2003/4/1
IBRH18,‚Π‚½‚Ώ‚Θ‚©,HITACHINAKA,,,,,,,,,,,,N.HTKH,2003/5/23
IBRH19,‚Β‚­‚Ξ,TSUKUBA,,,,,,,,,,,,N.TSKH,2004/5/15
IBRH20,”gθ2,HASAKI2,,,,,,,,,,,,N.HA2H,2006/9/1
IBRH21,‚Β‚­‚Ξ“μ,TSUKUBA-S,,,,,,,,,,,,N.TBSH,2007/8/16
IBUH01,’Η•,OIWAKE,,,,,,,,,,,,N.OIWH,2000/12/5
IBUH02,•δ•Κ,HOBETSU,,,,,,,,,,,,N.HOBH,2000/12/1
IBUH03,ϊ^,ATSUMA,,,,,,,,,,,,N.AMAH,2000/12/1
IBUH04,–L‰Y,TOYOURA,,,,,,,,,,,,N.TURH,2000/11/1
IBUH05,”’V,SHIRAOI,,,,,,,,,,,,N.SOIH,2000/12/1
IBUH06,Ί—–,MURORAN,,,,,,,,,,,,N.MRRH,2000/12/1
IBUH07,‘ε‘κ,OTAKI,,,,,,,,,,,,N.OHTH,2000/11/1
IKRH01,“–•Κ,TOBETSU,,,,,,,,,,,,N.TOBH,2000/8/14
IKRH02,VΒ’Γ,SHINSHINOTSU,,,,,,,,,,,,N.SSTH,2000/8/14
IKRH03,ηΞ,CHITOSE,,,,,,,,,,,,N.CTSH,2000/12/1
ISKH01,μF,SUZU,,,,,,,,,,,,N.SUZH,2000/8/14
ISKH02,–φ“c,YANAGIDA,,,,,,,,,,,,N.YGDH,2000/8/14
ISKH03,“ΰ‰Y,UCHIURA,,,,,,,,,,,,N.UCUH,2000/8/14
ISKH04,•x—,TOGI,,,,,,,,,,,,N.TGIH,2000/8/14
ISKH05,…,ANAMIZU,,,,,,,,,,,,N.AMZH,2000/8/14
ISKH06,u‰κ,SHIKA,,,,,,,,,,,,N.SHKH,2000/8/14
ISKH07,‹ΰ‘ς,KANAZAWA,,,,,,,,,,,,N.KNZH,2000/8/14
ISKH08,’Γ”¦,TSUBATA,,,,,,,,,,,,N.TBTH,2000/8/14
ISKH09,”φϋ,OGUCHI,,,,,,,,,,,,N.OKCH,2000/8/14
IWTH01,“ρΛ“,NINOHE-E,,,,,,,,,,,,N.NHEH,2000/8/14
IWTH02,‹ΚR,TAMAYAMA,,,,,,,,,,,,N.TMYH,2000/8/14
IWTH03,βς,IWAIZUMI,,,,,,,,,,,,N.IWZH,2000/8/14
IWTH04,Z“c,SUMITA,,,,,,,,,,,,N.SMTH,2000/8/14
IWTH05,“΅‘ς,FUJISAWA,,,,,,,,,,,,N.FSWH,2000/8/14
IWTH06,“ρΛΌ,NINOHE-W,,,,,,,,,,,,N.NHWH,2000/8/14
IWTH07,y•Δ,KARUMAI,,,,,,,,,,,,N.KRMH,2000/8/14
IWTH08,‹v–k,KUJI-N,,,,,,,,,,,,N.KJNH,2000/8/14
IWTH09,‹v“μ,KUJI-S,,,,,,,,,,,,N.KJSH,2000/8/14
IWTH10,ΐ‘γ,ASHIRO,,,,,,,,,,,,N.ASRH,2000/8/14
IWTH11,κΛ,ICHINOHE,,,,,,,,,,,,N.IHEH,2000/8/14
IWTH12,‹γΛ,KUNOHE,,,,,,,,,,,,N.KHEH,2000/8/14
IWTH13,‹,KUZUMAKI,,,,,,,,,,,,N.KZMH,2000/8/14
IWTH14,“cV,TARO,,,,,,,,,,,,N.TROH,2000/8/14
IWTH15,–ξ‹Π,YAHABA,,,,,,,,,,,,N.YHBH,2000/8/14
IWTH16,΄Ξ,SHIZUKUISHI,,,,,,,,,,,,N.SZKH,2000/8/14
IWTH17,μδ–k,KAWAI-N,,,,,,,,,,,,N.KANH,2000/8/14
IWTH18,μδ“μ,KAWAI-S,,,,,,,,,,,,N.KASH,2000/8/14
IWTH19,‰Τ–k,HANAMAKI-N,,,,,,,,,,,,N.HMNH,2000/8/14
IWTH20,‰Τ“μ,HANAMAKI-S,,,,,,,,,,,,N.HMSH,2000/8/14
IWTH21,R“c,YAMADA,,,,,,,,,,,,N.YMDH,2000/8/14
IWTH22,“a,TOWA,,,,,,,,,,,,N.TOUH,2000/8/14
IWTH23,Ξ,KAMAISHI,,,,,,,,,,,,N.KMIH,2000/8/14
IWTH24,‹ΰƒ–θ,KANEGASAKI,,,,,,,,,,,,N.KGSH,2000/8/14
IWTH25,κΦΌ,ICHINOSEKI-W,,,,,,,,,,,,,2000/8/14
IWTH26,κΦ“,ICHINOSEKI-E,,,,,,,,,,,,N.ICEH,2000/8/14
IWTH27,—¤‘O‚“c,RIKUZENTAKATA,,,,,,,,,,,,N.RZTH,2000/8/14
IWTH28,κΦΌ2,ICHINOSEKI-W2,,,,,,,,,,,,N.IW2H,2011/3/3
KGSH01,’·“‡,NAGASHIMA,,,,,,,,,,,,N.NSMH,2000/8/14
KGSH02,Ά‹v,AKUNE,,,,,,,,,,,,N.AKNH,2000/8/14
KGSH03,‹{”Vι,MIYANOJO,,,,,,,,,,,,N.MYJH,2000/8/14
KGSH04,μ“ΰ,SENDAI,,,,,,,,,,,,N.SENH,2000/8/14
KGSH05,V“‰@,KEDOIN,,,,,,,,,,,,N.KDIH,2000/8/14
KGSH06,SR,KORIYAMA,,,,,,,,,,,,N.KORH,2000/8/14
KGSH07,¦—Η,AIRA,,,,,,,,,,,,N.AIRH,2000/8/14
KGSH08,‘ε‹χ,OHSUMI,,,,,,,,,,,,N.OSUH,2000/8/14
KGSH09,’m——,CHIRAN,,,,,,,,,,,,N.CRNH,2000/8/14
KGSH10,Rμ,YAMAGAWA,,,,,,,,,,,,N.YKWH,2000/8/14
KGSH11,²‘½,SATA,,,,,,,,,,,,N.SATH,2000/8/14
KGSH12,“ΰ”V‰Y,UCHINOURA,,,,,,,,,,,,N.UCNH,2000/12/7
KGSH13,­‰®,KANOYA,,,,,,,,,,,,N.KYAH,2002/3/28
KGWH01,»γ,AYAKAMI,,,,,,,,,,,,N.AYKH,2000/8/14
KGWH02,O–μ,MINO,,,,,,,,,,,,N.MNOH,2000/8/14
KGWH03,O–Ψ,MIKI,,,,,,,,,,,,N.MKIH,2002/3/1
KGWH04,‘ε“ΰ,OHCHI,,,,,,,,,,,,N.OHCH,2002/3/1
KGWH05,“ΰC,UCHINOMI,,,,,,,,,,,,N.UUMH,2004/3/2
KKWH01,”ό[–k,BIFUKA-N,,,,,,,,,,,,N.BFNH,2000/8/14
KKWH02,”ό[“,BIFUKA-E,,,,,,,,,,,,N.BFEH,2000/8/14
KKWH03,”ό[Ό,BIFUKA-W,,,,,,,,,,,,N.BFWH,2000/8/14
KKWH04,–Όρ,NAYORO,,,,,,,,,,,,N.NYRH,2000/8/14
KKWH05,‰ΊμΌ,SHIMOKAWA-W,,,,,,,,,,,,N.SWWH,2000/8/14
KKWH06,‰Ίμ“,SHIMOKAWA-E,,,,,,,,,,,,N.SWEH,2000/8/14
KKWH07,•x—Η–μ,FURANO,,,,,,,,,,,,N.FRNH,2000/8/14
KKWH08,θ¥,SHIMUKAPPU,,,,,,,,,,,,N.SMPH,2000/8/14
KKWH09,‰ΉΠq•{,OTOINEPPU,,,,,,,,,,,,N.ONPH,2000/12/25
KKWH10,’†μ,NAKAGAWA,,,,,,,,,,,,N.NAWH,2000/12/15
KKWH11,a¦,WASSAMU,,,,,,,,,,,,N.WSMH,2000/12/25
KKWH12,”ό‰l“,BIEI-E,,,,,,,,,,,,N.BEEH,2001/1/12
KKWH13,”ό‰lΌ,BIEI-W,,,,,,,,,,,,N.BEWH,2000/12/25
KKWH14,’†•x—Η–μ,NAKAFURANO,,,,,,,,,,,,N.NFRH,2000/12/1
KKWH15,γμ,KAMIKAWA,,,,,,,,,,,,N.KKAH,2001/1/12
KMMH01,­–k,KAHOKU,,,,,,,,,,,,N.KHKH,2000/8/14
KMMH02,¬‘,OGUNI,,,,,,,,,,,,N.OGNH,2000/8/14
KMMH03,‹e’r,KIKUCHI,,,,,,,,,,,,N.KKCH,2000/8/14
KMMH04,Ά‘h,ASO,,,,,,,,,,,,N.ASVH,2000/8/14
KMMH05,”g–μ,NAMINO,,,,,,,,,,,,N.NMNH,2000/8/14
KMMH06,”’…,HAKUSUI,,,,,,,,,,,,N.HKSH,2000/8/14
KMMH07,Op,MISUMI,,,,,,,,,,,,N.MSMH,2000/8/14
KMMH08,–ξ•”,YABE,,,,,,,,,,,,N.YABH,2000/8/14
KMMH09,ς,IZUMI,,,,,,,,,,,,N.IZMH,2000/8/14
KMMH10,Va,SHINWA,,,,,,,,,,,,N.SNWH,2000/8/14
KMMH11,°–k,ASHIKITA,,,,,,,,,,,,N.ASKH,2000/8/14
KMMH12,l‹g,HITOYOSHI,,,,,,,,,,,,N.HYOH,2000/8/14
KMMH13,γ,UE,,,,,,,,,,,,N.UWEH,2000/8/14
KMMH14,–L–μ,TOYONO,,,,,,,,,,,,N.TYNH,2000/12/25
KMMH15,…–“,MINAMATA,,,,,,,,,,,,N.MMTH,2000/12/4
KMMH16,‰vι,MASHIKI,,,,,,,,,,,,N.MSIH,2002/4/2
KMMH17,‹Κ–Ό,TAMANA,,,,,,,,,,,,N.TMNH,2002/3/20
KMMH18,Ά‘h2,ASO2,,,,,,,,,,,,N.AS2H,2018/11/4
KNGH10,‰΅•l,YOKOHAMA,,,,,,,,,,,,N.YKHH,2003/3/1
KNGH11,ϊ–Ψ,ATSUGI,,,,,,,,,,,,N.ATGH,2003/3/5
KNGH18,“΅–μ,FUJINO,,,,,,,,,,,,N.FJOH,2003/1/17
KNGH19,R–k’†,YAMAKITA-C,,,,,,,,,,,,N.YM2H,2003/1/21
KNGH20,Ό“c,MATSUDA,,,,,,,,,,,,N.MTDH,2003/1/24
KNGH21,΄μ,KIYOKAWA,,,,,,,,,,,,N.KIYH,2003/1/16
KNGH22,R–k“μ,YAMAKITA-S,,,,,,,,,,,,N.YKSH,2006/11/8
KNGH23,—tR,HAYAMA,,,,,,,,,,,,N.HYMH,2009/9/14
KOCH01,–kμ,KITAGAWA,,,,,,,,,,,,N.KTGH,2000/8/14
KOCH02,α–k,GOHOKU,,,,,,,,,,,,N.GHKH,2000/8/14
KOCH03,‘ε³,TAISHO,,,,,,,,,,,,N.TSYH,2000/8/14
KOCH04,‘ε,OTSUKI,,,,,,,,,,,,N.OOTH,2000/8/14
KOCH05,’rμ,IKEKAWA,,,,,,,,,,,,N.IKKH,2000/8/14
KOCH06,’†‘Ί,NAKAMURA,,,,,,,,,,,,N.NAKH,2000/8/14
KOCH07,{θ,SUSAKI,,,,,,,,,,,,N.SSKH,2000/12/5
KOCH08,“y²΄…,TOSASHIMIZU,,,,,,,,,,,,N.TSSH,2002/4/2
KOCH09,–k,KAHOKU,,,,,,,,,,,,N.KHUH,2002/3/19
KOCH10,Ι–μ,INO,,,,,,,,,,,,N.INOH,2002/4/4
KOCH11,ΊΛ,MUROTO,,,,,,,,,,,,N.MURH,2002/3/21
KOCH12,|Ό,GEISEI,,,,,,,,,,,,N.GSIH,2004/3/9
KOCH13,–{R,MOTOYAMA,,,,,,,,,,,,N.MTYH,2004/3/10
KSRH01,Ά¦–k,AKAN-N,,,,,,,,,,,,N.ANNH,2000/8/14
KSRH02,Ά¦“μ,AKAN-S,,,,,,,,,,,,N.ANSH,2000/8/14
KSRH03,•W’ƒ–k,SHIBECHA-N,,,,,,,,,,,,N.SCNH,2000/8/14
KSRH04,•W’ƒ“μ,SHIBECHA-S,,,,,,,,,,,,N.SCSH,2000/8/14
KSRH05,’ί‹Ό,TSURUI-W,,,,,,,,,,,,N.TRWH,2000/8/14
KSRH06,’ί‹“,TSURUI-E,,,,,,,,,,,,N.TREH,2000/8/14
KSRH07,’ί‹“μ,TSURUI-S,,,,,,,,,,,,N.TRSH,2000/8/14
KSRH08,”’f–k,SHIRANUKA-N,,,,,,,,,,,,N.SNNH,2000/8/14
KSRH09,”’f“μ,SHIRANUKA-S,,,,,,,,,,,,N.SNSH,2000/8/14
KSRH10,•l’†,HAMANAKA,,,,,,,,,,,,N.HNKH,2001/5/15
KYTH01,–μ“cμ,NODAGAWA,,,,,,,,,,,,N.NDGH,2000/8/14
KYTH02,Ι,INE,,,,,,,,,,,,N.INEH,2000/8/14
KYTH03,•’mR,FUKUCHIYAMA,,,,,,,,,,,,N.FKCH,2000/8/14
KYTH04,”όR,MIYAMA,,,,,,,,,,,,N.MYMH,2000/8/14
KYTH05,–Τ–μ,AMINO,,,,,,,,,,,,N.AMNH,2002/4/2
KYTH06,‹T‰,KAMEOKA,,,,,,,,,,,,N.KMEH,2002/4/4
KYTH07,‹vδR,KUMIYAMA,,,,,,,,,,,,N.KMMH,2004/3/30
KYTH08,‹“s,KYOTO,,,,,,,,,,,,N.KYTH,2006/10/5
MIEH01,l“ϊs,YOKKAICHI,,,,,,,,,,,,N.YOKH,2000/8/14
MIEH02,‘εR“c,OYAMADA,,,,,,,,,,,,N.OYMH,2000/8/14
MIEH03,π–μ,URESHINO,,,,,,,,,,,,N.URSH,2000/8/14
MIEH04,“x‰ο,WATARAI,,,,,,,,,,,,N.WATH,2000/8/14
MIEH05,”φh,OWASE,,,,,,,,,,,,N.OWSH,2000/8/14
MIEH06,‹{μ,MIYAGAWA,,,,,,,,,,,,N.MGWH,2000/8/14
MIEH07,u–€,SHIMA,,,,,,,,,,,,N.SMAH,2000/8/14
MIEH08,Όγ,MATSUSAKA,,,,,,,,,,,,N.MASH,2000/8/14
MIEH09,‹I•σ,KIHO,,,,,,,,,,,,N.KHOH,2000/8/14
MIEH10,|”Z,GEINO,,,,,,,,,,,,N.GNOH,2000/8/14
MYGH01,ε‘δ,SENDAI,,,,,,,,,,,,N.SNDH,2000/8/14
MYGH02,–Βq,NARUKO,,,,,,,,,,,,N.NRKH,2000/8/14
MYGH03,“‚K,KARAKUWA,,,,,,,,,,,,N.KKWH,2000/8/14
MYGH04,“a,TOWA,,,,,,,,,,,,N.TOWH,2000/8/14
MYGH05,¬–μ“c,ONODA,,,,,,,,,,,,N.ONDH,2000/8/14
MYGH06,“cK,TAJIRI,,,,,,,,,,,,N.TAJH,2000/8/14
MYGH07,μθ,KAWASAKI,,,,,,,,,,,,N.KWSH,2000/8/14
MYGH08,βΐ,IWANUMA,,,,,,,,,,,,N.IWNH,2000/8/14
MYGH09,”’Ξ,SHIROISHI,,,,,,,,,,,,N.SISH,2000/8/14
MYGH10,R³,YAMAMOTO,,,,,,,,,,,,N.YMMH,2000/8/14
MYGH11,‰Ν–k,KAHOKU,,,,,,,,,,,,N.KAKH,2001/1/1
MYGH12,u’Γμ,SHIZUGAWA,,,,,,,,,,,,N.SZGH,2001/1/1
MYGH13,“μO—¤,MINAMISANRIKU,,,,,,,,,,,,N.MSRH,2012/12/17
MYGH14,—•{,RIFU,,,,,,,,,,,,N.RIFH,2013/4/12
MYZH01,άƒ–£,GOKASE,,,,,,,,,,,,N.GKSH,2000/8/14
MYZH02,–kμ,KITAGAWA,,,,,,,,,,,,N.KIGH,2000/8/14
MYZH03,’Ε—t,SHIIBA,,,,,,,,,,,,N.SBAH,2000/8/14
MYZH04,”’Λ,MOROTSUKA,,,,,,,,,,,,N.MRTH,2000/8/14
MYZH05,“μ‹½,NANGO,,,,,,,,,,,,N.NANH,2000/8/14
MYZH06,“‹½,TOGO,,,,,,,,,,,,N.TGOH,2000/8/14
MYZH07,Ό•Δ—Η,NISHIMERA,,,,,,,,,,,,N.NRAH,2000/8/14
MYZH08,μ“μ,KAWAMINAMI,,,,,,,,,,,,N.KWMH,2000/8/14
MYZH09,{–Ψ,SUKI,,,,,,,,,,,,N.SUKH,2000/8/14
MYZH10,‘•x,KUNITOMI,,,,,,,,,,,,N.KTMH,2000/8/14
MYZH11,²“y΄,SADOWARA,,,,,,,,,,,,N.SDWH,2000/8/14
MYZH12,“sι–k,MIYAKONOJO-N,,,,,,,,,,,,N.MJNH,2000/8/14
MYZH13,“sι“μ,MIYAKONOJO-S,,,,,,,,,,,,N.MJSH,2000/8/14
MYZH14,“ϊ“μ,NICHINAN,,,,,,,,,,,,N.NCNH,2000/8/14
MYZH15,“ϊό,HYUGA,,,,,,,,,,,,N.HYGH,2000/12/5
MYZH16,‰„‰,NOBEOKA,,,,,,,,,,,,N.NOBH,2002/3/26
NARH01,\’ΓμΌ,TOTSUKAWA-W,,,,,,,,,,,,N.TKWH,2000/8/14
NARH02,\’Γμ“,TOTSUKAWA-E,,,,,,,,,,,,N.TKEH,2000/8/14
NARH03,μγ,KAWAKAMI,,,,,,,,,,,,N.KAWH,2000/8/14
NARH04,•‘κ,KUROTAKI,,,,,,,,,,,,N.KRTH,2000/8/14
NARH05,“‹g–μ,HIGASHIYOSHINO,,,,,,,,,,,,N.HYSH,2000/8/14
NARH06,R“Y,YAMAZOE,,,,,,,,,,,,N.YZEH,2000/8/14
NARH07,“V—,TENRI,,,,,,,,,,,,N.TRIH,2002/4/9
NGNH03,Ά’q2,ACHI2,,,,,,,,,,,,N.AC2H,2008/1/7
NGNH07,’†–μ,NAKANO,,,,,,,,,,,,N.NKNH,2000/8/14
NGNH08,O‹½,MISATO,,,,,,,,,,,,N.MSTH,2000/8/14
NGNH09,•Ξ,TAKESHI,,,,,,,,,,,,N.TKSH,2000/8/14
NGNH10,–Ψ‘c,KISO,,,,,,,,,,,,N.KSOH,2000/8/14
NGNH11,•xm©,FUJIMI,,,,,,,,,,,,N.FMIH,2000/8/14
NGNH12,“μ–q,MINAMIMAKI,,,,,,,,,,,,N.MMKH,2000/8/14
NGNH13,‹–Ψ,TAKAGI,,,,,,,,,,,,N.TKGH,2000/8/14
NGNH14,•½’J,HIRAYA,,,,,,,,,,,,N.HRYH,2000/8/14
NGNH15,’C–μ,TATSUNO,,,,,,,,,,,,N.TTNH,2001/2/1
NGNH16,–μ,CHINO,,,,,,,,,,,,N.CHNH,2001/2/1
NGNH17,²‹v,SAKU,,,,,,,,,,,,N.SAKH,2003/1/15
NGNH18,J“c,KAIDA,,,,,,,,,,,,N.KADH,2003/3/11
NGNH19,μγ,KAWAKAMI,,,,,,,,,,,,N.KWKH,2003/1/17
NGNH20,γΌ,AGEMATSU,,,,,,,,,,,,N.AGMH,2002/12/19
NGNH21,Ι“ί,INA,,,,,,,,,,,,N.INHH,2003/1/16
NGNH22,’·’J,HASE,,,,,,,,,,,,N.HSEH,2003/1/15
NGNH23,“μ–Ψ‘],NAGISO,,,,,,,,,,,,N.NGIH,2002/12/21
NGNH24,Όμ,MATSUKAWA,,,,,,,,,,,,N.MTKH,2003/2/18
NGNH25,“μM”Z,MINAMISHINANO,,,,,,,,,,,,N.MSNH,2003/2/15
NGNH26,γR“c,KAMIYAMADA,,,,,,,,,,,,N.KMDH,2003/3/15
NGNH27,MBV,SHINSHUSHIN,,,,,,,,,,,,N.SSSH,2003/3/14
NGNH28,Λ‰B,TOGAKUSHI,,,,,,,,,,,,N.TGKH,2003/4/22
NGNH29,–μ‘ς‰·ς,NOZAWAONSEN,,,,,,,,,,,,N.NZWH,2003/4/18
NGNH30,“ήμ,NAGAWA,,,,,,,,,,,,N.NGWH,2003/5/1
NGNH31,‰–K,SHIOJIRI,,,,,,,,,,,,N.SOJH,2003/5/14
NGNH32,Ό–{,MATSUMOTO,,,,,,,,,,,,N.MMOH,2003/5/6
NGNH33,¶β,IKUSAKA,,,,,,,,,,,,N.IKSH,2003/5/6
NGNH34,‘ε’¬’†,OHMACHI-C,,,,,,,,,,,,N.OM2H,2003/5/14
NGNH35,•δ‚,HOTAKA,,,,,,,,,,,,N.HOTH,2003/5/14
NGNH36,”’”n,HAKUBA,,,,,,,,,,,,N.HBAH,2004/5/20
NGNH37,δ‘γ“c,MIYOTA,,,,,,,,,,,,N.MYTH,2004/9/22
NGNH54,”Ρ“c,IIDA,,,,,,,,,,,,N.IIDH,2009/3/24
NGSH01,•½Λ,HIRADO,,,,,,,,,,,,N.HRDH,2000/8/14
NGSH02,²Ά•Ϋ–k,SASEBO-N,,,,,,,,,,,,N.SBNH,2000/8/14
NGSH03,²Ά•Ϋ“μ,SASEBO-S,,,,,,,,,,,,N.SBSH,2000/8/14
NGSH04,‹ΥC,KINKAI,,,,,,,,,,,,N.KKIH,2000/8/14
NGSH05,‚—,TAKAKI,,,,,,,,,,,,N.TKKH,2000/8/14
NGSH06,’·θ,NAGASAKI,,,,,,,,,,,,N.NGSH,2000/8/14
NIGH01,’·‰,NAGAOKA,,,,,,,,,,,,N.NGOH,2000/8/14
NIGH02,’©“ϊ,ASAHI,,,,,,,,,,,,N.AHIH,2000/8/14
NIGH03,rμ,ARAKAWA,,,,,,,,,,,,N.ARKH,2000/8/14
NIGH04,Φμ,SEKIKAWA,,,,,,,,,,,,N.SKWH,2000/8/14
NIGH05,ΉβΔ,SEIRO,,,,,,,,,,,,N.SROH,2000/8/14
NIGH06,‰Α–Ξ,KAMO,,,,,,,,,,,,N.KMOH,2000/8/14
NIGH07,‘ΊΌ,MURAMATSU,,,,,,,,,,,,N.MRMH,2000/8/14
NIGH08,’Γμ,TSUGAWA,,,,,,,,,,,,N.TWAH,2000/8/14
NIGH09,‰Ί“c,SHITADA,,,,,,,,,,,,N.STDH,2000/8/14
NIGH10,γμ,KAMIKAWA,,,,,,,,,,,,N.KMKH,2000/11/9
NIGH11,μΌ,KAWANISHI,,,,,,,,,,,,N.KWNH,2000/8/14
NIGH12,“’”V’J,YUNOTANI,,,,,,,,,,,,N.YNTH,2000/8/14
NIGH13,–q,MAKI,,,,,,,,,,,,N.MAKH,2000/8/14
NIGH14,‰–‘ς,SHIOZAWA,,,,,,,,,,,,N.SZWH,2000/8/14
NIGH15,Z“ϊ,MUIKA,,,,,,,,,,,,N.MUIH,2000/8/14
NIGH16,…‹›μ,ITOIGAWA,,,,,,,,,,,,N.IGWH,2000/8/14
NIGH17,–­‚‚΄,MYOKO-KOGEN,,,,,,,,,,,,N.MKGH,2000/12/1
NIGH18,–­‚,MYOKO,,,,,,,,,,,,N.MKOH,2000/8/14
NIGH19,“’‘ς,YUZAWA,,,,,,,,,,,,N.YZWH,2000/8/14
NMRH01,•W’Γ–k,SHIBETSU-N,,,,,,,,,,,,N.STNH,2000/8/14
NMRH02,•W’Γ“μ,SHIBETSU-S,,,,,,,,,,,,N.STSH,2000/8/14
NMRH03,’†•W’Γ,NAKASHIBETSU,,,,,,,,,,,,N.NSTH,2000/8/14
NMRH04,•ΚC“,BEKKAI-E,,,,,,,,,,,,N.BKEH,2000/8/14
NMRH05,•ΚCΌ,BEKKAI-W,,,,,,,,,,,,N.BKWH,2000/8/14
OITH01,R‘,YAMAGUNI,,,,,,,,,,,,N.YGNH,2000/8/14
OITH02,R,YAMAGA,,,,,,,,,,,,N.YMGH,2000/8/14
OITH03,ΐς,AKI,,,,,,,,,,,,N.AKIH,2000/8/14
OITH04,―“ΰ,SHONAI,,,,,,,,,,,,N.SNIH,2000/8/14
OITH05,–μ’Γ΄,NOTSUHARA,,,,,,,,,,,,N.NTHH,2000/8/14
OITH06,’|“c,TAKETA,,,,,,,,,,,,N.TAKH,2000/8/14
OITH07,Od,MIE,,,,,,,,,,,,N.MIEH,2000/8/14
OITH08,‰F–ΪΌ,UME-W,,,,,,,,,,,,N.UMWH,2000/8/14
OITH09,‰F–Ϊ“,UME-E,,,,,,,,,,,,N.UMEH,2000/8/14
OITH10,²”,SAIKI,,,,,,,,,,,,N.SIKH,2000/8/14
OITH11,‹γd,KOKONOE,,,,,,,,,,,,N.KKEH,2002/3/19
OKYH01,‹Κ–μ,TAMANO,,,,,,,,,,,,N.TAMH,2000/8/14
OKYH02,£Λ,SETO,,,,,,,,,,,,N.SETH,2000/8/14
OKYH03,‰R,OKAYAMA,,,,,,,,,,,,N.OKYH,2000/8/14
OKYH04,^”υ,MABI,,,,,,,,,,,,N.MABH,2000/8/14
OKYH05,•”,TAKEBE,,,,,,,,,,,,N.TKBH,2000/8/14
OKYH06,”ό―,BISEI,,,,,,,,,,,,N.BSEH,2000/8/14
OKYH07,_‹½,SHINGO,,,,,,,,,,,,N.SGOH,2000/8/14
OKYH08,“N‘½,TETTA,,,,,,,,,,,,N.TTAH,2000/8/14
OKYH09,“’΄,YUBARA,,,,,,,,,,,,N.YBRH,2000/8/14
OKYH10,γΦ΄,KAMISAIBARA,,,,,,,,,,,,N.KSBH,2000/8/14
OKYH11,‰›,SHOO,,,,,,,,,,,,N.SYOH,2000/8/14
OKYH12,‘ε΄,OHARA,,,,,,,,,,,,N.OHAH,2000/8/14
OKYH13,“ϊ¶,HINASE,,,,,,,,,,,,N.HNSH,2000/8/14
OKYH14,–k–[,HOKUBO,,,,,,,,,,,,N.HKBH,2000/8/14
OSKH01,“cK,TAJIRI,,,,,,,,,,,,N.TJRH,2000/8/14
OSKH02,‰Τ,KONOHANA,,,,,,,,,,,,N.KNHH,2000/8/14
OSKH03,‘Ύq,TAISHI,,,,,,,,,,,,N.TISH,2000/8/14
OSKH04,π–μ,KATANO,,,,,,,,,,,,N.KTNH,2000/8/14
OSKH05,‘εγ,OSAKA,,,,,,,,,,,,N.OSKH,2006/8/29
OSMH01,’m“ΰ,SHIRIUCHI,,,,,,,,,,,,N.SRUH,2000/12/4
OSMH02,γι,KAMIISO,,,,,,,,,,,,N.KAIH,2000/12/5
RMIH01,–y‰„,HORONOBE,,,,,,,,,,,,N.HNBH,2000/8/14
RMIH02,“V‰–,TESHIO,,,,,,,,,,,,N.TSOH,2000/8/14
RMIH03,‰“•Κ,EMBETSU,,,,,,,,,,,,N.EBTH,2000/8/14
RMIH04,¬•½“,OBIRA-E,,,,,,,,,,,,N.OREH,2000/8/14
RMIH05,¬•½Ό,OBIRA-W,,,,,,,,,,,,N.ORWH,2000/8/14
SAGH01,’ΑΌ,CHINZEI,,,,,,,,,,,,N.CZEH,2000/8/14
SAGH02,Ι–—Ά,IMARI,,,,,,,,,,,,N.IMRH,2000/8/14
SAGH03,•xm,FUJI,,,,,,,,,,,,N.FJIH,2000/8/14
SAGH04,“U,HIGASHISEFURI,,,,,,,,,,,,N.HSFH,2000/8/14
SAGH05,”’Ξ,SHIROISHI,,,,,,,,,,,,N.SRIH,2000/8/14
SBSH01,Γ•½,FURUBIRA,,,,,,,,,,,,N.FBRH,2000/11/1
SBSH02,”‘,TOMARI,,,,,,,,,,,,N.TOMH,2000/11/1
SBSH03,Τδμ,AKAIGAWA,,,,,,,,,,,,N.AGWH,2000/11/1
SBSH04,‹¤a,KYOWA,,,,,,,,,,,,N.KYOH,2000/11/1
SBSH05,‹δ’mΐ,KUCCHAN,,,,,,,,,,,,N.CCNH,2001/1/12
SBSH06,—–‰z,RANKOSHI,,,,,,,,,,,,N.RNKH,2000/11/1
SBSH07,^λ,MAKKARI,,,,,,,,,,,,N.MKRH,2000/11/1
SBSH08,μ–Ξ•Κ,KIMOBETSU,,,,,,,,,,,,N.KMBH,2000/11/1
SBSH09,•Ό“ΰ,KUROMATSUNAI,,,,,,,,,,,,N.KMNH,2001/1/12
SBSH10,“‡–q,SHIMAMAKI,,,,,,,,,,,,N.SMMH,2000/12/19
SIGH01,‘½‰κ,TAGA,,,,,,,,,,,,N.TAGH,2000/8/14
SIGH02,‘ε’Γ,OHTSU,,,,,,,,,,,,N.OTUH,2000/8/14
SIGH03,My,SHIGARAKI,,,,,,,,,,,,N.SGRH,2000/8/14
SIGH04,“ϊ–μ,HINO,,,,,,,,,,,,N.HNOH,2000/8/14
SITH01,β’Ξ,IWATSUKI,,,,,,,,,,,,N.IWTH,2008/3/21
SITH03,“ϊ‚,HIDAKA,,,,,,,,,,,,N.HDKH,2002/12/1
SITH04,‘ς,TOKOROZAWA,,,,,,,,,,,,N.TKRH,2002/12/1
SITH05,_ς,KAMIIZUMI,,,,,,,,,,,,N.KIZH,2000/8/14
SITH06,μ–{,KAWAMOTO,,,,,,,,,,,,N.KWTH,2000/9/1
SITH07,–ΌI,NAGURI,,,,,,,,,,,,N.NGRH,2001/1/1
SITH08,¬­–μ,OGANO,,,,,,,,,,,,N.OGOH,2002/12/17
SITH09,F–μ,MINANO,,,,,,,,,,,,N.MNAH,2002/12/1
SITH10,“sτμ,TOKIGAWA,,,,,,,,,,,,N.TOIH,2002/12/10
SITH11,”Ρ”\,HANNO,,,,,,,,,,,,N.HHNH,2002/12/20
SITH12,“sτμ2,TOKIGAWA2,,,,,,,,,,,,N.TO2H,2021/3/17
SMNH01,”‘Ύ,HAKUTA,,,,,,,,,,,,N.HKTH,2000/8/14
SMNH02,m‘½,NITA,,,,,,,,,,,,N.NITH,2000/8/14
SMNH03,²“c,SADA,,,,,,,,,,,,N.SDAH,2000/8/14
SMNH04,—W’q,OCHI,,,,,,,,,,,,N.OOCH,2000/8/14
SMNH05,‰H{”ό,HASUMI,,,,,,,,,,,,N.HSMH,2000/8/14
SMNH06,‹ΰι,KANAGI,,,,,,,,,,,,N.KNGH,2000/8/14
SMNH07,”ό“s,MITO,,,,,,,,,,,,N.MITH,2000/8/14
SMNH08,Ξ©,IWAMI,,,,,,,,,,,,N.IWAH,2000/8/14
SMNH09,•C©,HIKIMI,,,,,,,,,,,,N.HIKH,2000/8/14
SMNH10,”ό•ΫΦ,MIHONOSEKI,,,,,,,,,,,,N.MHSH,2000/8/14
SMNH11,•½“c,HIRATA,,,,,,,,,,,,N.HIRH,2000/8/14
SMNH12,‹g“c,YOSHIDA,,,,,,,,,,,,N.YSDH,2000/8/14
SMNH13,]’Γ,GOTSU,,,,,,,,,,,,N.GOTH,2000/8/14
SMNH14,Z“ϊs,MUIKAMACHI,,,,,,,,,,,,N.MICH,2000/8/14
SMNH15,­“‡,KASHIMA,,,,,,,,,,,,N.KSIH,2002/3/19
SMNH16,‰Α–Ξ,KAMO,,,,,,,,,,,,N.KACH,2002/3/14
SOYH01,‰•¥–k,SARUFUTSU-N,,,,,,,,,,,,N.SFNH,2000/8/14
SOYH02,‰•¥“μ,SARUFUTSU-S,,,,,,,,,,,,N.SFSH,2000/8/14
SOYH03,’t“ΰΌ,WAKKANAI-W,,,,,,,,,,,,N.WNWH,2000/8/14
SOYH04,’t“ΰ“,WAKKANAI-E,,,,,,,,,,,,N.WNEH,2000/8/14
SOYH05,’t“ΰ–k,WAKKANAI-N,,,,,,,,,,,,N.WNNH,2000/12/15
SOYH06,–L•x,TOYOTOMI,,,,,,,,,,,,N.TYTH,2000/12/14
SOYH07,•l“Ϊ•Κ,HAMATOMBETSU,,,,,,,,,,,,N.HTBH,2000/12/15
SOYH08,’†“Ϊ•Κ,NAKATOMBETSU,,,,,,,,,,,,N.NTBH,2001/5/15
SOYH09,‰Μ“o–k,UTANOBORI-N,,,,,,,,,,,,N.UNNH,2000/12/14
SOYH10,‰Μ“o“μ,UTANOBORI-S,,,,,,,,,,,,N.UNSH,2001/5/29
SRCH01,–y‰Α“ΰ–k,HOROKANAI-N,,,,,,,,,,,,N.HONH,2000/8/14
SRCH02,–y‰Α“ΰ’†,HOROKANAI-C,,,,,,,,,,,,N.HOCH,2000/8/14
SRCH03,–y‰Α“ΰ“μ,HOROKANAI-S,,,,,,,,,,,,N.HOSH,2000/8/14
SRCH04,ΐ“c,NUMATA,,,,,,,,,,,,N.NUMH,2000/8/14
SRCH05,[μ–k,FUKAGAWA-N,,,,,,,,,,,,N.FGNH,2000/9/6
SRCH06,[μ“μ,FUKAGAWA-S,,,,,,,,,,,,N.FGSH,2000/8/14
SRCH07,O},MIKASA,,,,,,,,,,,,N.MSAH,2000/8/14
SRCH08,»μ,SUNAGAWA,,,,,,,,,,,,N.SUGH,2001/1/15
SRCH09,IR,KURIYAMA,,,,,,,,,,,,N.KYMH,2000/12/1
SRCH10,—[’£,YUBARI,,,,,,,,,,,,N.YUBH,2001/1/15
SZOH24,ψ²,INASA,,,,,,,,,,,,N.INSH,2002/5/23
SZOH25,V‹,ARAI,,,,,,,,,,,,N.ARIH,2002/5/31
SZOH26,‘άδ,FUKUROI,,,,,,,,,,,,N.FKRH,2002/5/28
SZOH28,•lΌ,HAMAMATSU,,,,,,,,,,,,N.HMMH,2003/4/10
SZOH29,Γ‰–k,SHIZUOKA-N,,,,,,,,,,,,N.SONH,2003/2/18
SZOH30,…E–k,MISAKUBO-N,,,,,,,,,,,,N.MS2H,2003/2/25
SZOH31,μ,KAWANE,,,,,,,,,,,,N.KNEH,2003/2/15
SZOH32,—΄R“,TATSUYAMA-E,,,,,,,,,,,,N.TT2H,2003/2/28
SZOH33,Γ‰“μ,SHIZUOKA-S,,,,,,,,,,,,N.SOSH,2003/2/25
SZOH34,΄…–k,SHIMIZU-N,,,,,,,,,,,,N.SZUH,2003/2/18
SZOH35,Ι“’†,ITO-C,,,,,,,,,,,,N.ITHH,2003/2/18
SZOH36,“΅},FUJIEDA,,,,,,,,,,,,N.FJEH,2003/2/22
SZOH37,Εμ,SHIBAKAWA,,,,,,,,,,,,N.SBKH,2003/2/8
SZOH38,”“μ,KANNAMI,,,,,,,,,,,,N.KNIH,2003/2/8
SZOH39,ΌΙ“¤Ό,NISHIIZU-W,,,,,,,,,,,,N.NS2H,2003/1/25
SZOH40,‰Ν’Γ,KAWAZU,,,,,,,,,,,,N.KWZH,2003/3/11
SZOH41,“μΙ“¤,MINAMIIZU,,,,,,,,,,,,N.MIZH,2003/1/21
SZOH42,C‘P›,SHUZENJI,,,,,,,,,,,,N.SZJH,2003/4/1
SZOH43,΄…“μ,SHIMIZU-S,,,,,,,,,,,,N.SMSH,2003/5/16
SZOH53,|μ3,KAKEGAWA3,,,,,,,,,,,,N.KG3H,2011/2/15
SZOH54,‰“‡2,HATSUSHIMA2,,,,,,,,,,,,N.HT2H,2011/3/31
TCGH06,^‰,MOKA,,,,,,,,,,,,N.MOKH,2003/1/1
TCGH07,IRΌ,KURIYAMA-W,,,,,,,,,,,,N.KYWH,2000/8/14
TCGH08,IR“,KURIYAMA-E,,,,,,,,,,,,N.KYEH,2000/8/14
TCGH09,–ξ”Β,YAITA,,,,,,,,,,,,N.YITH,2000/8/14
TCGH10,‘ε“c΄,OTAWARA,,,,,,,,,,,,N.OTWH,2000/8/14
TCGH11,΅s,IMAICHI,,,,,,,,,,,,N.IICH,2000/8/14
TCGH12,‰Ζ,UJIIE,,,,,,,,,,,,N.UJEH,2000/8/14
TCGH13,”n“,BATO,,,,,,,,,,,,N.BTOH,2000/8/14
TCGH14,Ύ–μ,AWANO,,,,,,,,,,,,N.AWNH,2000/8/14
TCGH15,‰F“s‹{,UTSUNOMIYA,,,,,,,,,,,,N.UMYH,2000/8/14
TCGH16,–F‰κ,HAGA,,,,,,,,,,,,N.HGAH,2000/8/14
TCGH17,“΅΄2,FUJIHARA2,,,,,,,,,,,,N.FJ2H,2004/6/11
TKCH01,—¤•Κ,RIKUBETSU,,,,,,,,,,,,N.RKBH,2000/8/14
TKCH02,‘«ρ“,ASHORO-E,,,,,,,,,,,,N.AYEH,2000/8/14
TKCH03,‘«ρΌ,ASHORO-W,,,,,,,,,,,,N.AYWH,2000/8/14
TKCH04,V“Ύ“μ,SHINTOKU-S,,,,,,,,,,,,N.SKSH,2000/9/6
TKCH05,–{•Κ,HOMBETSU,,,,,,,,,,,,N.HBTH,2000/8/14
TKCH06,‰θΊ,MEMURO,,,,,,,,,,,,N.MMRH,2000/8/14
TKCH07,–L ,TOYOKORO,,,,,,,,,,,,N.TYRH,2000/8/14
TKCH08,‘εχ,TAIKI,,,,,,,,,,,,N.TKIH,2000/9/7
TKCH10,V“Ύ–k,SHINTOKU-N,,,,,,,,,,,,N.SKNH,2001/5/15
TKCH11,΄…,SHIMIZU,,,,,,,,,,,,N.SHZH,2000/12/1
TKSH01,“ϊa²,HIWASA,,,,,,,,,,,,N.HWSH,2000/8/14
TKSH02,’ευ,SADAMITSU,,,,,,,,,,,,N.SADH,2000/8/14
TKSH03,–Ψ‰®•½,KOYADAIRA,,,,,,,,,,,,N.KYDH,2000/8/14
TKSH04,“Ώ“‡,TOKUSHIMA,,,,,,,,,,,,N.TOKH,2002/3/1
TKSH05,C“μ,KAINAN,,,,,,,,,,,,N.KNNH,2002/3/14
TKSH06,δμ,IKAWA,,,,,,,,,,,,N.IKWH,2004/3/13
TKYH02,•{’†,FUCHU,,,,,,,,,,,,N.FCHH,2008/3/25
TKYH11,]“,KOTO,,,,,,,,,,,,N.KOTH,2005/4/1
TKYH12,”‰¤q,HACHIOJI,,,,,,,,,,,,N.HOJH,2003/1/15
TKYH13,w΄“μ,HINOHARA-S,,,,,,,,,,,,N.HH2H,2003/1/15
TTRH01,’q“,CHIZU,,,,,,,,,,,,N.CHZH,2000/8/14
TTRH02,“ϊ–μ,HINO,,,,,,,,,,,,N.HINH,2000/8/14
TTRH03,aϋ,MIZOKUCHI,,,,,,,,,,,,N.MZKH,2000/8/14
TTRH04,Τκ,AKASAKI,,,,,,,,,,,,N.AKSH,2000/8/14
TTRH05,β”ό,IWAMI,,,,,,,,,,,,N.IAMH,2000/12/7
TTRH06,‰Ν΄,KAWAHARA,,,,,,,,,,,,N.KWHH,2002/3/13
TTRH07,Φ‹ΰ,SEKIGANE,,,,,,,,,,,,N.SKGH,2002/3/12
TYMH01,•X©,HIMI,,,,,,,,,,,,N.HIMH,2000/8/14
TYMH02,‘ε–ε,DAIMON,,,,,,,,,,,,N.DMOH,2000/8/14
TYMH03,•xR,TOYAMA,,,,,,,,,,,,N.TOYH,2000/8/14
TYMH04,‹›’Γ,UOZU,,,,,,,,,,,,N.UOZH,2000/8/14
TYMH05,δ”g,INAMI,,,,,,,,,,,,N.IMIH,2000/8/14
TYMH06,””φ,YATSUO,,,,,,,,,,,,N.YTOH,2000/8/14
TYMH07,—‰κ,TOGA,,,,,,,,,,,,N.TOGH,2000/8/14
WKYH01,Lμ,HIROGAWA,,,,,,,,,,,,N.HRKH,2000/8/14
WKYH02,‰Τ‰€,HANAZONO,,,,,,,,,,,,N.HNZH,2000/8/14
WKYH03,–μγ,NOKAMI,,,,,,,,,,,,N.NKMH,2000/8/14
WKYH04,‚·‚³‚έ,SUSAMI,,,,,,,,,,,,N.SSMH,2000/8/14
WKYH05,“ί’q‰Y,NACHIKATSUURA,,,,,,,,,,,,N.NKTH,2000/8/14
WKYH06,‘ε“ƒ,OTO,,,,,,,,,,,,N.OTOH,2000/8/14
WKYH07,γ•x“c,KAMITONDA,,,,,,,,,,,,N.KTDH,2000/8/14
WKYH08,“ί‰κ,NAGA,,,,,,,,,,,,N.NAGH,2000/8/14
WKYH09,a‰ΜR,WAKAYAMA,,,,,,,,,,,,N.WKYH,2000/8/14
WKYH10,σ“μ,INAMI,,,,,,,,,,,,N.INMH,2000/8/14
YMGH01,–h•{,HOFU,,,,,,,,,,,,N.HOFH,2000/8/14
YMGH02,”ό”I,MINE,,,,,,,,,,,,N.MNEH,2000/8/14
YMGH03,β‘,IWAKUNI,,,,,,,,,,,,N.IKNH,2000/8/14
YMGH04,ό“,SHUTO,,,,,,,,,,,,N.SYTH,2000/8/14
YMGH05,”όμ,MIKAWA,,,,,,,,,,,,N.MKWH,2000/8/14
YMGH06,‰F•”,UBE,,,,,,,,,,,,N.UBEH,2000/8/14
YMGH07,‹eμ,KIKUGAWA,,,,,,,,,,,,N.KIKH,2000/8/14
YMGH08,–L‰Y,TOYOURA,,,,,,,,,,,,N.TYUH,2000/8/14
YMGH09,“c–μ,TAMAGAWA,,,,,,,,,,,,N.TMGH,2000/8/14
YMGH10,‚ή‚Β‚έ,MUTSUMI,,,,,,,,,,,,N.MTMH,2000/8/14
YMGH11,“Ώ’n,TOKUJI,,,,,,,,,,,,N.TKJH,2000/8/14
YMGH12,”ό“,MITO,,,,,,,,,,,,N.MTOH,2000/8/14
YMGH13,’·–ε,NAGATO,,,,,,,,,,,,N.NGTH,2000/8/14
YMGH14,”‹,HAGI,,,,,,,,,,,,N.HGIH,2002/3/19
YMGH15,“ΏR,TOKUYAMA,,,,,,,,,,,,N.TKUH,2002/4/26
YMGH16,γΦ,KAMINOSEKI,,,,,,,,,,,,N.KNSH,2002/7/1
YMGH17,“a,TOWA,,,,,,,,,,,,N.TOHH,2002/3/21
YMNH08,Ό–μ΄,NISHINOHARA,,,,,,,,,,,,N.NSHH,2003/1/1
YMNH09,‘μ,HAYAKAWA,,,,,,,,,,,,N.HYKH,2001/2/1
YMNH10,‘μ–k,HAYAKAWA-N,,,,,,,,,,,,N.HYNH,2003/2/11
YMNH11,‘ε,OHTSUKI,,,,,,,,,,,,N.OOKH,2003/2/15
YMNH12,‘•δ,MASUHO,,,,,,,,,,,,N.MSFH,2003/2/15
YMNH13,g‰„,MINOBU,,,,,,,,,,,,N.MBUH,2003/2/11
YMNH14,“s—―“μ,TSURU-S,,,,,,,,,,,,N.TU2H,2003/5/1
YMNH15,γ‹γκF,KAMIKUISHIKI,,,,,,,,,,,,N.KKKH,2004/6/16
YMNH16,b•{2,KOFU2,,,,,,,,,,,,N.KF2H,2006/11/6
YMTH01,“V“¶,TENDO,,,,,,,,,,,,N.TDOH,2000/8/14
YMTH02,R`,YAMAGATA,,,,,,,,,,,,N.YGTH,2000/8/14
YMTH03,“μ—z,NANYO,,,,,,,,,,,,N.NYOH,2000/8/14
YMTH04,γR,KAMINOYAMA,,,,,,,,,,,,N.KMYH,2000/8/14
YMTH05,¬‘,OGUNI,,,,,,,,,,,,N.ONIH,2000/8/14
YMTH06,‚”©,TAKAHATA,,,,,,,,,,,,N.THTH,2000/8/14
YMTH07,•Δ‘ς,YONEZAWA,,,,,,,,,,,,N.YNZH,2000/8/14
YMTH08,””¦,YAWATA,,,,,,,,,,,,N.YWTH,2000/8/14
YMTH09,Λ‘ς,TOZAWA,,,,,,,,,,,,N.TZWH,2000/8/14
YMTH10,M`,FUNAGATA,,,,,,,,,,,,N.FGTH,2000/8/14
YMTH11,Εγ,MOGAMI,,,,,,,,,,,,N.MGMH,2000/8/14
YMTH12,—§μ,TACHIKAWA,,,,,,,,,,,,N.TCKH,2000/8/14
YMTH13,’©“ϊ,ASAHI,,,,,,,,,,,,N.ASAH,2000/8/14
YMTH14,ΌμΌ,NISHIKAWA-W,,,,,,,,,,,,N.NKWH,2000/8/14
YMTH15,Όμ“,NISHIKAWA-E,,,,,,,,,,,,N.NKEH,2000/8/14
